days,t_years,date,zero_rate,base_zero,inst_forward,fwd_3m,df
7,0.019164955509924708,2026-08-21,3.688703073865522,3.6937339591369565,3.6297188094769077,3.8175233915982925,0.9992928276569911
10,0.02737850787132101,2026-08-24,3.6861316229509415,3.6889356200400902,3.6297188094769077,3.8300027442595135,0.9989906107016676
13,0.03559206023271732,2026-08-27,3.6847469955350096,3.698171667631923,3.7020214403170297,3.842482486819749,0.9986884851460675
16,0.04380561259411362,2026-08-30,3.711371666125146,3.7144249085681063,3.7743240710364883,3.8501489878831854,0.9983744200405564
19,0.05201916495550993,2026-09-02,3.7295885460021334,3.728247053676028,3.7743240710364883,3.8578156360880858,0.9980604537014696
22,0.06023271731690623,2026-09-05,3.743151217548648,3.7372070071274286,3.7777310990430824,3.8654068200489013,0.9977463972449475
25,0.06844626967830253,2026-09-08,3.7535970218438686,3.7461669605788295,3.777731099265126,3.8729603418615035,0.9974323452148818
28,0.07665982203969883,2026-09-11,3.7618044395042993,3.75512691403023,3.7777310990430824,3.8805140065026245,0.9971183920362656
31,0.08487337440109514,2026-09-14,3.7684233247143624,3.764086867481631,3.777731099265126,3.8880678139749865,0.9968045376779844
34,0.09308692676249145,2026-09-17,3.773874171357769,3.7730468209330312,3.777731099265126,3.895621764281313,0.996490782108933
37,0.10130047912388775,2026-09-20,3.778441096924089,3.7782832883746043,3.777731099265126,3.903175857424327,0.9961771252980168
40,0.10951403148528405,2026-09-23,3.7828992915381554,3.7816580128112633,3.8004676294814153,3.9104777716054966,0.9958629382565144
43,0.11772758384668036,2026-09-26,3.7878076131974616,3.7850327372479224,3.8004676292593715,3.917275166898197,0.9955475927899834
46,0.12594113620807665,2026-09-29,3.7920757189881873,3.788407461684582,3.8004676292593715,3.924072677842562,0.9952323471793255
49,0.13415468856947296,2026-10-02,3.795821199579984,3.791782186121241,3.8004676292593715,3.930870304440611,0.994917201392921
52,0.14236824093086928,2026-10-05,3.799134509334355,3.7951569105579,3.8004676292593715,3.9376680466942773,0.9946021553991596
55,0.15058179329226556,2026-10-08,3.802086367115372,3.7985316349945593,3.8004676294814153,3.9444659046055803,0.9942872091664419
58,0.15879534565366188,2026-10-11,3.8047328602984667,3.801906359431219,3.8004676294814153,3.951263878176542,0.9939723626631778
61,0.16700889801505817,2026-10-14,3.8071190426765518,3.805281083867878,3.8004676292593715,3.958061967409005,0.9936576158577873
64,0.17522245037645448,2026-10-17,3.8092815204569197,3.808655808304537,3.8004676294814153,3.964860172304992,0.9933429687187006
67,0.1834360027378508,2026-10-20,3.811250343510438,3.8118481762734993,3.8004676292593715,3.9716584928665206,0.9930284212143581
70,0.19164955509924708,2026-10-23,3.8145240434762973,3.8146758313070683,3.8513382539676733,3.977327651285625,0.9927111677627347
73,0.1998631074606434,2026-10-26,3.8182352086653206,3.8175034863406374,3.8513382539676733,3.9824322444191305,0.9923926133433725
76,0.2080766598220397,2026-10-29,3.8216533871289227,3.820331141374206,3.8513382539676733,3.987536902763066,0.9920741611460073
79,0.216290212183436,2026-11-01,3.8248119571016,3.8231587964077747,3.8513382539676733,3.992641626318136,0.9917558111378368
82,0.2245037645448323,2026-11-04,3.827739412198155,3.8259864514413437,3.8513382539676733,3.997746415085304,0.9914375632860694
85,0.2327173169062286,2026-11-07,3.8304602234055873,3.828814106474913,3.8513382539676733,4.0028512690653635,0.9911194175579234
88,0.24093086926762491,2026-11-10,3.8329955247580156,3.8316417615084815,3.8513382539676733,4.007956188259015,0.9908013739206283
91,0.24914442162902123,2026-11-13,3.8353636633838546,3.83446941654205,3.8513382539676733,4.013061172667225,0.9904834323414236
94,0.25735797399041754,2026-11-16,3.837580644225148,3.837297071575619,3.8513382539676733,4.018166222290874,0.9901655927875597
97,0.2655715263518138,2026-11-19,3.8396604922308404,3.8409087223642278,3.8513382539676733,4.023271337130661,0.9898478552262973
100,0.2737850787132101,2026-11-22,3.8447240742368485,3.8460883646629154,4.004635371446899,4.024973056569958,0.9895217923202235
103,0.28199863107460643,2026-11-25,3.8510016829614644,3.851268006961603,4.004635371224855,4.028138682510329,0.9891916245841544
106,0.29021218343600275,2026-11-28,3.8569239553430847,3.8564476492602906,4.004635371446899,4.032887168439012,0.9888615670131518
109,0.29842573579739906,2026-12-01,3.862520231079927,3.861627291558978,4.004635371224855,4.0376357107897265,0.9885316195704573
112,0.3066392881587953,2026-12-04,3.8678167063307947,3.866806933857666,4.004635371446899,4.042384309563262,0.9882017822193254
115,0.31485284052019163,2026-12-07,3.8728368437425784,3.8719865761563534,4.004635371446899,4.047132964760237,0.9878720549230222
118,0.32306639288158795,2026-12-10,3.8776017199299755,3.877166218455041,4.004635371446899,4.05188167638144,0.9875424376448266
121,0.33127994524298426,2026-12-13,3.8821303212650657,3.8823458607537287,4.004635371446899,4.056630444427397,0.9872129303480295
124,0.3394934976043806,2026-12-16,3.886439796729176,3.8875255030524163,4.004635371446899,4.061379268898812,0.9868835329959339
127,0.34770704996577684,2026-12-19,3.89054567492722,3.891940718979677,4.004635371224855,4.066128149796475,0.9865542455518554
130,0.35592060232717315,2026-12-22,3.894462051054571,3.8948270821640847,4.004635371446899,4.0708770871208255,0.9862250679791217
133,0.36413415468856947,2026-12-25,3.898201748559678,3.8977134453484927,4.004635371446899,4.075626080872742,0.9858960002410724
136,0.3723477070499658,2026-12-28,3.9017764594100868,3.9005998085329003,4.004635371446899,4.08037513105284,0.98556704230106
139,0.3805612594113621,2026-12-31,3.905196866195103,3.9034861717173084,4.004635371446899,4.085124237661733,0.9852381941224485
142,0.3887748117727584,2027-01-03,3.9084727487496833,3.906372534901716,4.004635371446899,4.089873400700212,0.9849094556686148
145,0.39698836413415467,2027-01-06,3.9116130775434277,3.9092588980861236,4.004635371446899,4.094622620168717,0.9845808269029473
148,0.405201916495551,2027-01-09,3.9146260957103607,3.9121452612705316,4.004635371446899,4.099371896068214,0.9842523077888475
151,0.4134154688569473,2027-01-12,3.917519391301182,3.9150316244549392,4.004635371446899,4.1041212283991415,0.9839238982897284
154,0.4216290212183436,2027-01-15,3.9202999610897202,3.9179179876393473,4.004635371446899,4.108870617162291,0.9835955983690153
157,0.42984257357973993,2027-01-18,3.922974267064706,3.920804350823755,4.004635371446899,4.113620062358276,0.983267407990146
160,0.4380561259411362,2027-01-21,3.925548286565625,3.9233629356605366,4.004635371446899,4.1183695639878,0.9829393271165703
163,0.4462696783025325,2027-01-24,3.9280275568824394,3.925757631323506,4.004635371446899,4.123119122051568,0.9826113557117503
166,0.4544832306639288,2027-01-27,3.9304172150191503,3.928152326986475,4.004635371446899,4.127868736550103,0.98228349373916
169,0.46269678302532513,2027-01-30,3.9327220332220345,3.930547022649444,4.004635371446899,4.132618407484285,0.9819557411622861
172,0.47091033538672145,2027-02-02,3.9349464507899135,3.932941718312413,4.004635371446899,4.1373681348545555,0.981628097944627
175,0.4791238877481177,2027-02-05,3.937094602612601,3.935336413975382,4.004635371446899,4.14211791866179,0.9813005640496936
178,0.487337440109514,2027-02-08,3.939170344823295,3.937731109638351,4.004635371446899,4.1468677589066045,0.9809731394410087
181,0.49555099247091033,2027-02-11,3.9411772778999152,3.9401258053013204,4.004635371446899,4.151617655589613,0.9806458240821077
184,0.5037645448323066,2027-02-14,3.9431187675066504,3.942520500964289,4.004635371446899,4.15636760871152,0.9803186179365375
187,0.5119780971937029,2027-02-17,3.944997963329195,3.9449151966272584,4.004635371446899,4.161117618272939,0.9799915209678578
190,0.5201916495550992,2027-02-20,3.946817816125813,3.9479862767636726,4.004635371446899,4.1673798056820015,0.9796645331396401
193,0.5284052019164955,2027-02-23,3.9493301349615644,3.95139554913681,4.147220090292138,4.172814770486626,0.9793337755735864
196,0.5366187542778919,2027-02-26,3.953240699775252,3.954804821509947,4.147220090514182,4.17508299415837,0.978995374660475
199,0.5448323066392882,2027-03-01,3.95703335811212,3.9582140938830843,4.147220090292138,4.177351230699467,0.9786570906790788
202,0.5530458590006845,2027-03-04,3.960713363231083,3.9616233662562212,4.147220090514182,4.179619480109918,0.9783189235889929
205,0.5612594113620808,2027-03-07,3.9642856608831547,3.9650326386293586,4.147220090292138,4.1818877423897245,0.9779808733498262
208,0.5694729637234771,2027-03-10,3.967754911487569,3.968441911002496,4.147220090514182,4.184156017539059,0.9776429399212021
211,0.5776865160848734,2027-03-13,3.971125510415998,3.971851183375633,4.147220090292138,4.186424305557836,0.9773051232627575
214,0.5859000684462696,2027-03-16,3.9744016065707544,3.9752604557487703,4.147220090514182,4.188692606446406,0.9769674233341437
217,0.5941136208076659,2027-03-19,3.9775871194216683,3.9783747276894985,4.147220090292138,4.190960920204593,0.9766298400950252
220,0.6023271731690623,2027-03-22,3.9806857546494214,3.98089899876541,4.147220090514182,4.193229246832486,0.976292373505081
223,0.6105407255304586,2027-03-25,3.9837010185256996,3.9834232698413214,4.147220090514182,4.1954975863303465,0.9759550235240042
226,0.6187542778918549,2027-03-28,3.986636231148689,3.985947540917233,4.147220090292138,4.1977659386980894,0.9756177901115012
229,0.6269678302532512,2027-03-31,3.989494538637427,3.9884718119931444,4.147220090292138,4.200034303935801,0.9752806732272928
232,0.6351813826146475,2027-04-03,3.9922789243807335,3.9909960830690556,4.147220090514182,4.202302682043568,0.9749436728311137
235,0.6433949349760438,2027-04-06,3.9949922194242378,3.9935203541449673,4.147220090292138,4.204571073021569,0.9746067888827122
238,0.6516084873374401,2027-04-09,3.997637112071676,3.9960446252208786,4.147220090514182,4.206839476869714,0.9742700213418509
241,0.6598220396988365,2027-04-12,4.000216156769408,3.9985688962967902,4.147220090514182,4.209107893588179,0.9739333701683061
244,0.6680355920602327,2027-04-15,4.002731782335217,4.0010931673727015,4.147220090292138,4.211376323176964,0.9735968353218677
247,0.676249144421629,2027-04-18,4.00518629958768,4.003617438448613,4.147220090514182,4.213644765636157,0.9732604167623401
250,0.6844626967830253,2027-04-21,4.007581908426109,4.006004927714977,4.147220090514182,4.215913220965846,0.9729241144495412
253,0.6926762491444216,2027-04-24,4.009920704406673,4.008324026076566,4.147220090514182,4.218181689166295,0.972587928343303
256,0.7008898015058179,2027-04-27,4.01220468485644,4.010643124438155,4.147220090514182,4.22045017023724,0.9722518584034711
259,0.7091033538672142,2027-04-30,4.014435754562221,4.012962222799745,4.147220090514182,4.222718664178855,0.9719159045899051
262,0.7173169062286106,2027-05-03,4.016615731068626,4.015281321161334,4.147220090514182,4.2249871709914055,0.9715800668624787
265,0.7255304585900069,2027-05-06,4.018746349616409,4.017600419522923,4.147220090514182,4.227255690674805,0.971244345181079
268,0.7337440109514032,2027-05-09,4.020829267748919,4.019919517884513,4.147220090514182,4.22952422322905,0.9709087395056075
271,0.7419575633127995,2027-05-12,4.02286606961283,4.022238616246102,4.147220090514182,4.231792768654406,0.9705732497959791
274,0.7501711156741958,2027-05-15,4.024858269976068,4.024557714607692,4.147220090514182,4.234061326950785,0.9702378760121229
277,0.758384668035592,2027-05-18,4.02680731798487,4.026876812969281,4.147220090514182,4.236329898118363,0.9699026181139815
280,0.7665982203969883,2027-05-21,4.028961136591987,4.028917980405073,4.215304528805287,4.237842286047454,0.9695656423838822
283,0.7748117727583846,2027-05-24,4.031557136116117,4.030959147840865,4.215304528805287,4.237918804963052,0.9692251176594165
286,0.783025325119781,2027-05-27,4.0340986741118146,4.033000315276658,4.215304528805287,4.237995323893322,0.968884712531895
289,0.7912388774811773,2027-05-30,4.036587446612753,4.035041482712449,4.215304528805287,4.23807184283826,0.9685444269593136
292,0.7994524298425736,2027-06-02,4.039025079952734,4.037082650148242,4.215304528805287,4.238148361797869,0.9682042608996829
295,0.8076659822039699,2027-06-05,4.041413134309528,4.039123817584034,4.215304528805287,4.238224880772059,0.9678642143110283
298,0.8158795345653662,2027-06-08,4.043753107034968,4.041164985019826,4.215304528805287,4.238301399760918,0.96752428715139
301,0.8240930869267625,2027-06-11,4.046046435785821,4.043206152455618,4.215304528805287,4.2383779187643595,0.9671844793788229
304,0.8323066392881588,2027-06-14,4.048294501469224,4.04524731989141,4.215304528805287,4.238454437782558,0.9668447909513966
307,0.840520191649555,2027-06-17,4.05049863101549,4.047288487327203,4.215304528805287,4.238530956815338,0.9665052218271956
310,0.8487337440109514,2027-06-20,4.052660099989889,4.049329654762994,4.215304528805287,4.238607475862787,0.9661657719643187
313,0.8569472963723477,2027-06-23,4.054780135054234,4.051459364435736,4.215304528805287,4.23868399492482,0.9658264413208799
316,0.865160848733744,2027-06-26,4.056859916288266,4.053633345226952,4.215304528805287,4.2387605140015205,0.9654872298550076
319,0.8733744010951403,2027-06-29,4.058900579379941,4.055807326018169,4.215304528805287,4.238837033092892,0.9651481375248451
322,0.8815879534565366,2027-07-02,4.06090321769351,4.057981306809385,4.215304528805287,4.238913552198845,0.9648091642885502
325,0.8898015058179329,2027-07-05,4.062868884222828,4.060155287600601,4.215304528805287,4.238990071319555,0.9644703101042956
328,0.8980150581793293,2027-07-08,4.064798593437584,4.062329268391818,4.215304528805287,4.239066590454846,0.9641315749302686
331,0.9062286105407256,2027-07-11,4.066693323029126,4.064503249183034,4.215304528805287,4.239143109604808,0.9637929587246711
334,0.9144421629021219,2027-07-14,4.068554015562146,4.066677229974251,4.215304528805287,4.239219628769351,0.9634544614457197
337,0.9226557152635181,2027-07-17,4.070381580038172,4.068851210765467,4.215304528805287,4.239296147948564,0.9631160830516459
340,0.9308692676249144,2027-07-20,4.072176893376392,4.070893138351404,4.215304528805287,4.239372667142446,0.9627778235006956
343,0.9390828199863107,2027-07-23,4.073940801816576,4.072670959526781,4.215304528805287,4.239449186350909,0.9624396827511296
346,0.947296372347707,2027-07-26,4.075674122249135,4.074448780702159,4.215304528805287,4.239525705574044,0.9621016607612229
349,0.9555099247091033,2027-07-29,4.077377643476526,4.076226601877537,4.215304528805287,4.239602224811934,0.9617637574892659
352,0.9637234770704997,2027-08-01,4.079052127410278,4.078004423052914,4.215304528805287,4.239678744064319,0.961425972893563
355,0.971937029431896,2027-08-04,4.080698310207132,4.0797822442282925,4.215304528805287,4.239755263331462,0.9610883069324335
358,0.9801505817932923,2027-08-07,4.0823169033481586,4.081560065403671,4.215304528805287,4.2398317826130985,0.9607507595642113
361,0.9883641341546886,2027-08-10,4.083908594664142,4.083337886579048,4.215304528805287,4.239908301909492,0.960413330747245
364,0.9965776865160849,2027-08-13,4.085474049310057,4.085115707754426,4.215304528805287,4.239984821220554,0.9600760204398978
367,1.0047912388774811,2027-08-16,4.087013910692036,4.086893528929804,4.215304528805287,4.2400613405462,0.9597388286005474
370,1.0130047912388775,2027-08-19,4.088528801348875,4.088416872297679,4.215304528805287,4.240137859886515,0.9594017551875863
373,1.0212183436002737,2027-08-22,4.090031808340733,4.089431260050548,4.217601001904012,4.240163366336478,0.9590646778001842
376,1.0294318959616702,2027-08-25,4.091517023647749,4.090445647803417,4.217601001904012,4.240163366336478,0.9587276576838465
379,1.0376454483230664,2027-08-28,4.0929787263113715,4.0914600355562865,4.217601001904012,4.240163366336478,0.9583907559980602
382,1.0458590006844628,2027-08-31,4.094417470294408,4.092474423309156,4.2176010016819685,4.240163366336478,0.9580539727012086
385,1.054072553045859,2027-09-03,4.095833792293316,4.093488811062025,4.2176010016819685,4.240163366336478,0.957717307751689
388,1.0622861054072552,2027-09-06,4.0972282124056205,4.094503198814895,4.217601001904012,4.240163366336478,0.9573807611079136
391,1.0704996577686516,2027-09-09,4.098601234766841,4.095517586567763,4.2176010016819685,4.240163366336478,0.9570443327283091
394,1.0787132101300478,2027-09-12,4.0999533481580945,4.096531974320633,4.2176010016819685,4.240163366336565,0.9567080225713172
397,1.0869267624914443,2027-09-15,4.1012850265862655,4.097546362073502,4.2176010016819685,4.240163366336478,0.9563718305953934
400,1.0951403148528405,2027-09-18,4.102596729838017,4.098560749826372,4.2176010016819685,4.240163366336565,0.9560357567590086
403,1.103353867214237,2027-09-21,4.103888904009093,4.099575137579241,4.2176010016819685,4.240163366336478,0.9556998010206479
406,1.111567419575633,2027-09-24,4.105161982010144,4.1005895253321105,4.2176010016819685,4.240163366336478,0.9553639633388111
409,1.1197809719370295,2027-09-27,4.106416384050313,4.101603913084979,4.2176010016819685,4.240163366336565,0.9550282436720126
412,1.1279945242984257,2027-09-30,4.107652518099595,4.1026183008378485,4.2176010016819685,4.240163366336478,0.954692641978781
415,1.136208076659822,2027-10-03,4.108870780331308,4.103632688590718,4.2176010016819685,4.240163366336478,0.9543571582176602
418,1.1444216290212184,2027-10-06,4.1100715555453355,4.104647076343587,4.2176010016819685,4.240163366336565,0.9540217923472082
421,1.1526351813826146,2027-10-09,4.111255217573407,4.105661464096457,4.2176010016819685,4.240163366336478,0.9536865443259974
424,1.160848733744011,2027-10-12,4.112422129667133,4.106675851849325,4.217601001904012,4.240163366336478,0.9533514141126151
427,1.1690622861054072,2027-10-15,4.1135726448696035,4.107690239602195,4.2176010016819685,4.240163366336478,0.9530164016656631
430,1.1772758384668036,2027-10-18,4.114707106371584,4.108704627355064,4.2176010016819685,4.240163366336478,0.9526815069437577
433,1.1854893908281998,2027-10-21,4.115825847852738,4.109719015107934,4.2176010016819685,4.240163366336478,0.9523467299055298
436,1.1937029431895962,2027-10-24,4.11692919380892,4.110733402860803,4.2176010016819685,4.240163366336478,0.9520120705096246
439,1.2019164955509924,2027-10-27,4.118017459865934,4.111747790613673,4.2176010016819685,4.240163366336478,0.9516775287147019
442,1.2101300479123889,2027-10-30,4.119090953080555,4.112762178366541,4.217601001904012,4.240163366336478,0.9513431044794364
445,1.218343600273785,2027-11-02,4.120149972229354,4.113776566119411,4.217601001904012,4.240163366336478,0.9510087977625169
448,1.2265571526351813,2027-11-05,4.121194808085972,4.11479095387228,4.217601001904012,4.240163366336478,0.950674608522647
451,1.2347707049965777,2027-11-08,4.12222574368731,4.115805341625149,4.2176010016819685,4.240163366336478,0.9503405367185445
454,1.242984257357974,2027-11-11,4.123243054589058,4.116819729378019,4.2176010016819685,4.240163366336478,0.950006582308942
457,1.2511978097193703,2027-11-14,4.124247009111356,4.117834117130888,4.217601001904012,4.240163366336565,0.9496727452525864
460,1.2594113620807665,2027-11-17,4.125237868574666,4.118848504883757,4.2176010016819685,4.240163366336478,0.9493390255082392
463,1.267624914442163,2027-11-20,4.126215887526572,4.119862892636626,4.217601001904012,4.240163366336565,0.9490054230346765
466,1.2758384668035592,2027-11-23,4.1271813139597855,4.120877280389496,4.217601001904012,4.240163366336478,0.9486719377906886
469,1.2840520191649556,2027-11-26,4.128134389521777,4.121891668142365,4.217601001904012,4.239107113666622,0.9483385697350806
472,1.2922655715263518,2027-11-29,4.1290753497164765,4.122906055895235,4.217601001904012,4.237522739893345,0.9480053188266717
475,1.3004791238877482,2027-12-02,4.130004424098175,4.123920443648104,4.2176010016819685,4.235938372398211,0.947672185024296
478,1.3086926762491444,2027-12-05,4.130921836458346,4.124934831400973,4.217601001904012,4.234354011181131,0.9473391682868018
481,1.3169062286105406,2027-12-08,4.131827805005286,4.125949219153842,4.217601001904012,4.23276965624202,0.9470062685730518
484,1.325119780971937,2027-12-11,4.13272254253719,4.1269636069067115,4.217601001904012,4.231185307580963,0.9466734858419235
487,1.3333333333333333,2027-12-14,4.133606256608743,4.127977994659581,4.2176010016819685,4.229600965197785,0.9463408200523084
490,1.3415468856947297,2027-12-17,4.134479149691661,4.12899238241245,4.217601001904012,4.228016629092576,0.9460082711631127
493,1.3497604380561259,2027-12-20,4.135341419329366,4.130006770165319,4.2176010016819685,4.2264322992652446,0.945675839133257
496,1.3579739904175223,2027-12-23,4.13619325828595,4.131021157918188,4.2176010016819685,4.224847975715881,0.9453435239216766
499,1.3661875427789185,2027-12-26,4.137034854689957,4.132035545671058,4.217601001904012,4.223263658444308,0.9450113254873207
502,1.374401095140315,2027-12-29,4.137866392172797,4.133049933423927,4.217601001904012,4.221679347450527,0.9446792437891534
505,1.3826146475017111,2028-01-01,4.138688050002378,4.134064321176797,4.2176010016819685,4.220095042734537,0.9443472787861527
508,1.3908281998631074,2028-01-04,4.139500003211923,4.135078708929666,4.217601001904012,4.218510744296427,0.9440154304373116
511,1.3990417522245038,2028-01-07,4.140302422724291,4.136093096682535,4.217601001904012,4.216926452136109,0.9436836987016373
514,1.4072553045859,2028-01-10,4.141095475471938,4.137107484435404,4.2176010016819685,4.215342166253406,0.943352083538151
517,1.4154688569472964,2028-01-13,4.141879324512626,4.1381218721882735,4.2176010016819685,4.213757886648494,0.9430205849058891
520,1.4236824093086926,2028-01-16,4.142654129141319,4.139136259941143,4.2176010016819685,4.212173613321199,0.9426892027639017
523,1.431895961670089,2028-01-19,4.143420044997975,4.140150647694012,4.2176010016819685,4.210603855885689,0.9423579370712535
526,1.4401095140314852,2028-01-22,4.144177224171859,4.141165035446882,4.217601001904012,4.209063541957766,0.9420267877870238
529,1.4483230663928817,2028-01-25,4.144925815302184,4.14217942319975,4.217601001904012,4.20755276717627,0.9416957548703059
532,1.4565366187542779,2028-01-28,4.145665963675412,4.14319381095262,4.2176010016819685,4.206070972801419,0.9413648382802077
535,1.4647501711156743,2028-01-31,4.146397811319202,4.144208198705489,4.2176010016819685,4.204617011721182,0.9410340379758516
538,1.4729637234770705,2028-02-03,4.1471214970933685,4.145222586458359,4.2176010016819685,4.203189212507201,0.940703353916374
541,1.4811772758384667,2028-02-06,4.14783715677761,4.146236974211228,4.217601001904012,4.201785441518608,0.9403727860609261
544,1.4893908281998631,2028-02-09,4.148544923156513,4.147251361964098,4.217601001904012,4.2004031630554,0.9400423343686731
547,1.4976043805612593,2028-02-12,4.1492449261016455,4.148265749716966,4.2176010016819685,4.199039497560678,0.9397119987987947
550,1.5058179329226558,2028-02-15,4.149937292651018,4.149280137469836,4.217601001904012,4.197691277872524,0.9393817793104849
553,1.514031485284052,2028-02-18,4.150622147085917,4.150294525222705,4.2176010016819685,4.196355103525445,0.9390516758629521
556,1.5222450376454484,2028-02-21,4.151299611005335,4.1506213083252925,4.2176010016819685,4.195027393100941,0.9387216884154189
559,1.5304585900068446,2028-02-24,4.151883559522447,4.15094809142788,4.170051090804771,4.194232500646049,0.9383930563848112
562,1.538672142368241,2028-02-27,4.152289706715982,4.1512748745304675,4.170051090804771,4.194494695307284,0.9380670174556817
565,1.5468856947296372,2028-03-01,4.1526915408419685,4.151601657633055,4.170051090804771,4.194754013954455,0.9377410918067844
568,1.5550992470910336,2028-03-04,4.153089130241261,4.1519284407356425,4.170051090804771,4.195006635784459,0.9374152793987609
571,1.5633127994524298,2028-03-07,4.153482541818511,4.15225522383823,4.170051090804771,4.195248791487422,0.9370895801922661
574,1.571526351813826,2028-03-10,4.153871841079608,4.1525820069408175,4.170051090804771,4.195476803901207,0.9367639941479688
577,1.5797399041752225,2028-03-13,4.154257092168155,4.152908790043405,4.170051090804771,4.195687126715229,0.9364385212265519
580,1.5879534565366187,2028-03-16,4.1546383579006045,4.1532355731459925,4.170051090804771,4.1958763812271584,0.9361131613887111
583,1.596167008898015,2028-03-19,4.155015699800481,4.15356235624858,4.170051090804771,4.196041391149105,0.9357879145951564
586,1.6043805612594113,2028-03-22,4.155389178131417,4.153889139351167,4.1700510910268145,4.196179215466163,0.9354627808066113
589,1.6125941136208077,2028-03-25,4.155758851929273,4.154215922453755,4.170051090804771,4.1962871793446155,0.9351377599838127
592,1.620807665982204,2028-03-28,4.156124779033219,4.154542705556342,4.170051090804771,4.196362903091888,0.9348128520875115
595,1.6290212183436004,2028-03-31,4.15648701611596,4.15486948865893,4.170051090804771,4.196404329165712,0.934488057078472
598,1.6372347707049966,2028-04-03,4.156845618712923,4.155196271761517,4.170051090804771,4.196409747235222,0.9341633749174724
601,1.6454483230663928,2028-04-06,4.1572006412506735,4.155523054864105,4.170051090804771,4.196377817291785,0.9338388055653041
604,1.6536618754277892,2028-04-09,4.157552137074487,4.155849837966692,4.170051090804771,4.196307590809662,0.9335143489827724
607,1.6618754277891854,2028-04-12,4.157900158474986,4.15617662106928,4.170051090804771,4.196198529957796,0.9331900051306964
610,1.6700889801505818,2028-04-15,4.158244756714166,4.156503404171867,4.1700510910268145,4.196050524861001,0.9328657739699083
613,1.678302532511978,2028-04-18,4.158586939223777,4.156830187274455,4.170056426171088,4.195857482016083,0.9325416404703994
616,1.6865160848733745,2028-04-21,4.158929888420623,4.157156970377042,4.170079802696348,4.195598956848656,0.9322175550957147
619,1.6947296372347707,2028-04-24,4.159273875578498,4.15748375347963,4.170113286028329,4.1952742926219,0.9318935134106143
622,1.702943189596167,2028-04-27,4.159618834644525,4.157810536582216,4.170148332838631,4.194885572685222,0.9315695162580125
625,1.7111567419575633,2028-04-30,4.1599646117069575,4.158137319684804,4.170177289620968,4.194435975573506,0.931245565900895
628,1.7193702943189597,2028-05-03,4.160310976498495,4.158464102787391,4.170193363454797,4.193929715868842,0.9309216658692111
631,1.727583846680356,2028-05-06,4.1606576332896505,4.158790885889979,4.170190592739443,4.193371985060317,0.9305978208116167
634,1.7357973990417521,2028-05-09,4.161004231191912,4.159117668992566,4.170163817942951,4.192768892403534,0.9302740363520611
637,1.7440109514031485,2028-05-12,4.16135037389062,4.159444452095154,4.170108652321363,4.192127405778836,0.9299503189512031
640,1.7522245037645447,2028-05-15,4.16169562882584,4.159771235197741,4.17002145276587,4.191455292549852,0.9296266757726472
643,1.7604380561259412,2028-05-18,4.162039535839587,4.160098018300329,4.169899290327637,4.190761401594432,0.9293031145539892
646,1.7686516084873374,2028-05-21,4.162381615306591,4.160424801402916,4.169739921306628,4.190051754710055,0.928979643482658
649,1.7768651608487338,2028-05-24,4.162721375765318,4.160751584505504,4.169541757840625,4.1893305428457595,0.9286562710765455
652,1.78507871321013,2028-05-27,4.163058321065417,4.161078367608091,4.1693038379076395,4.188601891354176,0.92833300606941
655,1.7932922655715264,2028-05-30,4.163391957047008,4.161405150710679,4.16902579796536,4.187869722834605,0.9280098573010456
658,1.8015058179329226,2028-06-02,4.163721797766852,4.161731933813266,4.168707841590525,4.187137943770623,0.9276868336122029
661,1.809719370294319,2028-06-05,4.1640473712856965,4.162058716915854,4.168350711499993,4.1864104230992245,0.9273639437442526
664,1.8179329226557153,2028-06-08,4.164368225030709,4.162385500018441,4.167955659879874,4.185690950909795,0.9270411962435781
667,1.8261464750171115,2028-06-11,4.164683930746479,4.162712283121029,4.167524419091656,4.184983199093344,0.926718599370688
670,1.834360027378508,2028-06-14,4.164994089047238,4.163039066223616,4.1670591728096715,4.184290683942098,0.9263961610140365
673,1.842573579739904,2028-06-17,4.165298333583109,4.163365849326204,4.166562526075845,4.183616730697589,0.9260738886085381
676,1.8507871321013005,2028-06-20,4.165596334831916,4.163692632428791,4.166037476753722,4.182964440050599,0.9257517890587694
679,1.8590006844626967,2028-06-23,4.165887803528598,4.164019415531379,4.165487385866489,4.182336656588812,0.9254298686668426
682,1.8672142368240932,2028-06-26,4.166172493743056,4.164346198633966,4.164915948301724,4.181735939195006,0.9251081330649411
685,1.8754277891854894,2028-06-29,4.166450205617357,4.164672981736554,4.1643271639651225,4.181164533394703,0.9247865871525064
688,1.8836413415468858,2028-07-02,4.16672078777263,4.164999764839141,4.16372530813533,4.180624345652606,0.9244652350380634
691,1.891854893908282,2028-07-05,4.166984139395771,4.165326547941729,4.163114902334826,4.180116919618843,0.9241440799856735
694,1.9000684462696784,2028-07-08,4.167240212015562,4.165653331044316,4.162500685075947,4.179643414323475,0.9238231243660038
697,1.9082819986310746,2028-07-11,4.167489010977646,4.165980114146904,4.161887582428248,4.179204584320809,0.923502369612002
700,1.9164955509924708,2028-07-14,4.167730596627241,4.166306897249491,4.161280679472614,4.178800761781797,0.9231818161791651
703,1.9247091033538672,2028-07-17,4.16796508520854,4.166633680352079,4.1606851898039885,4.178431840535981,0.9228614635103896
706,1.9329226557152634,2028-07-20,4.168192649489039,4.166960463454666,4.160106427534372,4.178097262061517,0.9225413100053949
709,1.9411362080766599,2028-07-23,4.168413519117081,4.167287246557254,4.1595497771148455,4.17779600342414,0.9222213529947055
712,1.949349760438056,2028-07-26,4.168627980720287,4.167614029659841,4.159020665065104,4.177526567164638,0.921901588718184
715,1.9575633127994525,2028-07-29,4.168836377752779,4.167940812762429,4.158524529308603,4.177286973135801,0.9215820123081013
718,1.9657768651608487,2028-08-01,4.169039110098237,4.168267595865016,4.158066791554373,4.177074752286732,0.9212626177767362
721,1.9739904175222451,2028-08-04,4.169236633436117,4.168594378967604,4.157652826154283,4.176886942397508,0.92094339800849
724,1.9822039698836413,2028-08-07,4.169429458377804,4.168921162070191,4.157287933199366,4.176720085761045,0.920624344756508
727,1.9904175222450375,2028-08-10,4.16961814937933,4.169247945172779,4.156977306896609,4.176570228815819,0.9203054486437979
730,1.998631074606434,2028-08-13,4.1698033234372085,4.169574728275366,4.156726008273529,4.1764329237259705,0.919986699168831
737,2.0177960301163584,2028-08-20,4.170225298248469,4.170191980885849,4.156290865399995,4.176134852351971,0.9192434582730418
744,2.0369609856262834,2028-08-27,4.170635551635597,4.170446130257446,4.155925008465896,4.175851758934779,0.918500888618153
751,2.0561259411362083,2028-09-03,4.171034785063198,4.170700279629042,4.155574836253288,4.175581559682795,0.9177589824908315
758,2.0752908966461328,2028-09-10,4.1714234257259,4.170954429000639,4.155237402020477,4.1753242327509,0.9170177369309183
765,2.0944558521560577,2028-09-17,4.171801882578426,4.1712085783722355,4.154912705323391,4.1750797781141475,0.9162771490364154
772,2.113620807665982,2028-09-24,4.1721705497429165,4.171462727743832,4.1546007463840855,4.174848195748732,0.9155372159132991
779,2.132785763175907,2028-10-01,4.172529807175402,4.171716877115429,4.1543015252025715,4.174629485632516,0.9147979346755023
786,2.1519507186858315,2028-10-08,4.17288002129656,4.171971026487025,4.154015041556819,4.174423647744419,0.914059302444898
793,2.1711156741957565,2028-10-15,4.173221545589152,4.172225175858622,4.15374129566888,4.174230682064325,0.9133213163512821
800,2.190280629705681,2028-10-22,4.173554721164039,4.172479325230219,4.153480287538766,4.1740505885736985,0.9125839735323575
807,2.209445585215606,2028-10-29,4.173879877296761,4.172733474601816,4.153232016944444,4.173883367255149,0.9118472711337172
814,2.2286105407255303,2028-11-05,4.17419733193642,4.172987623973412,4.152996484330011,4.173729018092511,0.9111112063088275
821,2.2477754962354553,2028-11-12,4.174507392188548,4.1732417733450085,4.152773689251387,4.17358754107094,0.9103757762190118
828,2.2669404517453797,2028-11-19,4.174810354773481,4.173495922716605,4.152563631708581,4.1734589361767345,0.9096409780334346
835,2.2861054072553046,2028-11-26,4.175106506461631,4.173750072088202,4.15236631214569,4.173343203397418,0.9089068089290847
842,2.305270362765229,2028-12-03,4.175396124487092,4.174004221459799,4.152181730118633,4.1732403427219245,0.9081732660907599
849,2.324435318275154,2028-12-10,4.175679476940834,4.174258370831395,4.152009886071504,4.173150354140064,0.9074403467110497
856,2.3436002737850785,2028-12-17,4.175956823144433,4.174512520202992,4.151850779338178,4.17307323764349,0.9067080479903207
863,2.3627652292950034,2028-12-24,4.176228414005833,4.174766669574589,4.151704410584793,4.173008993224562,0.9059763671366996
870,2.3819301848049284,2028-12-31,4.1764944923577545,4.1750208189461855,4.151570779367269,4.172957620877131,0.9052453013660582
877,2.401095140314853,2029-01-07,4.176755293280008,4.175274968317781,4.1514498859076525,4.17291912059619,0.9045148479019969
884,2.4202600958247777,2029-01-14,4.177011044406418,4.175529117689378,4.151341730205948,4.172893492377961,0.9037850039758298
891,2.439425051334702,2029-01-21,4.177261966217364,4.175783267060975,4.151246312040118,4.1728807362200735,0.9030557668265689
898,2.458590006844627,2029-01-28,4.177508272318526,4.176037416432572,4.1511636316322065,4.172880852121296,0.9023271337009081
905,2.4777549623545516,2029-02-04,4.177750169706814,4.176291565804169,4.151093689204264,4.172893840081629,0.9015991018532088
912,2.4969199178644765,2029-02-11,4.177987859023938,4.176545715175765,4.15103648409016,4.172919700102216,0.9008716685454836
919,2.516084873374401,2029-02-18,4.178221534798524,4.176799864547362,4.150992016956027,4.172958432185778,0.9001448310473816
926,2.535249828884326,2029-02-25,4.178451385677087,4.1770540139189585,4.150960287357782,4.17301003633583,0.8994185866361732
933,2.5544147843942504,2029-03-04,4.178677594644726,4.177308163290555,4.150941295517469,4.173074512557466,0.8986929325967352
940,2.5735797399041753,2029-03-11,4.178900339235931,4.177562312662152,4.150935041213042,4.173151860856924,0.8979678662215351
947,2.5927446954141,2029-03-18,4.179119791736023,4.177816462033748,4.1509415248885935,4.1732420812415825,0.8972433848106169
954,2.6119096509240247,2029-03-25,4.179336119373727,4.178070611405345,4.150960746100031,4.173345173720311,0.8965194856715862
961,2.631074606433949,2029-04-01,4.179549484505331,4.178324760776942,4.150992705069402,4.173461138302863,0.8957961661195949
968,2.650239561943874,2029-04-08,4.179760044790877,4.178578910148539,4.1510374015746585,4.173589975000658,0.8950734234773272
975,2.6694045174537986,2029-04-15,4.179967953362724,4.178833059520135,4.151094836059888,4.173731683825991,0.8943512550749847
982,2.6885694729637235,2029-04-22,4.180173358986945,4.1790872088917315,4.151165008081,4.173886264792656,0.8936296582502715
989,2.707734428473648,2029-04-29,4.1803764062178175,4.179341358263328,4.151247917860034,4.174053717915496,0.8929086303483806
996,2.726899383983573,2029-05-06,4.180577235545852,4.179595507634925,4.151343565174946,4.174234043210675,0.8921881687219788
1003,2.746064339493498,2029-05-13,4.180775983539606,4.179849657006522,4.151451950469818,4.174427240695675,0.8914682707311926
1010,2.7652292950034223,2029-05-20,4.1809727829815495,4.180103806378118,4.151573073300559,4.174633310389203,0.8907489337435942
1017,2.784394250513347,2029-05-27,4.181167762998412,4.180357955749715,4.1517069338892085,4.174852254119514,0.8900301551341872
1024,2.8035592060232717,2029-06-03,4.1813610491860915,4.180612105121312,4.151853532013717,4.175084104091965,0.8893119322853925
1031,2.8227241615331966,2029-06-10,4.181552763729579,4.1808662544929085,4.152012867896122,4.175328917718216,0.8885942625870343
1038,2.841889117043121,2029-06-17,4.181743025517892,4.181120403864505,4.152184941758462,4.175586753174322,0.8878771434363265
1045,2.861054072553046,2029-06-24,4.1819319502545245,4.181374553236101,4.1523697529346,4.17585766863766,0.8871605722378583
1052,2.8802190280629705,2029-07-01,4.182119650563403,4.181628702607698,4.152567301868616,4.176141722286921,0.886444546403581
1059,2.8993839835728954,2029-07-08,4.182306236090681,4.181882851979295,4.152777588782545,4.176438972302468,0.8857290633527937
1066,2.91854893908282,2029-07-15,4.182491813602494,4.182137001350892,4.153000613232292,4.176749476865892,0.8850141205121304
1073,2.937713894592745,2029-07-22,4.182676487078908,4.182391150722488,4.1532363752178485,4.177073294160628,0.884299715315546
1080,2.9568788501026693,2029-07-29,4.182860357804211,4.182645300094085,4.1534848751832945,4.177410482371432,0.8835858452043029
1087,2.976043805612594,2029-08-05,4.183043524453723,4.1828994494656815,4.15374611268453,4.177761099684549,0.8828725076269576
1094,2.9952087611225187,2029-08-12,4.183226083177232,4.183153598837278,4.154020087943592,4.178125204287719,0.8821597000393474
1101,3.0143737166324436,2029-08-19,4.183408127679319,4.183407748208875,4.154306800960468,4.17850285437053,0.8814474199045771
1108,3.033538672142368,2029-08-26,4.18358974944558,4.183599811580928,4.1546063736371295,4.1788941063153935,0.880735664689022
1115,3.052703627652293,2029-09-02,4.183771040151503,4.183781527286391,4.15491936352525,4.179298986130432,0.8800244317994459
1122,3.0718685831622174,2029-09-09,4.183952091235785,4.183963242991854,4.155245839236316,4.179717494620009,0.8793137185946315
1129,3.0910335386721424,2029-09-16,4.184132991931054,4.184144958697316,4.155585800548271,4.1801496318268185,0.8786035224393076
1136,3.1101984941820673,2029-09-23,4.1843138292705575,4.184326674402779,4.155939247905187,4.180595397795132,0.8778938407058177
1143,3.1293634496919918,2029-09-30,4.184494688155486,4.184508390108242,4.156306180862964,4.1810547925705395,0.8771846707741061
1150,3.1485284052019167,2029-10-07,4.184675651419869,4.184690105813704,4.1566865996436295,4.181527816199948,0.8764760100317049
1157,3.167693360711841,2029-10-14,4.184856799893109,4.184871821519168,4.157080504247169,4.182014468731847,0.8757678558737202
1164,3.186858316221766,2029-10-21,4.1850382124602685,4.18505353722463,4.157487894451523,4.1825147502159545,0.8750602057028187
1171,3.2060232717316905,2029-10-28,4.185219966120169,4.1852352529300925,4.157908770700762,4.183028660703394,0.8743530569292147
1178,3.2251882272416155,2029-11-04,4.18540213604144,4.185416968635556,4.158343132550781,4.183556200246697,0.8736464069706569
1185,3.24435318275154,2029-11-11,4.185584795616572,4.185598684341018,4.158790980223607,4.184097368899883,0.8729402532524151
1192,3.263518138261465,2029-11-18,4.185768016514073,4.185780400046481,4.159252313719222,4.184652166718382,0.8722345932072674
1199,3.2826830937713893,2029-11-25,4.185951868728789,4.185962115751944,4.159727132815562,4.185220593758677,0.871529424275487
1206,3.3018480492813143,2029-12-02,4.186136420630479,4.186143831457406,4.160215437956698,4.185802650079181,0.8708247439048296
1213,3.3210130047912387,2029-12-09,4.186321739010713,4.186325547162869,4.160717228920563,4.186398335739276,0.8701205495505202
1220,3.3401779603011637,2029-12-16,4.186507889128124,4.186507262868332,4.161232505263053,4.1870076507999245,0.8694168386752408
1227,3.359342915811088,2029-12-23,4.186694934752159,4.186688978573795,4.16176126787232,4.187630595323406,0.8687136087491174
1234,3.378507871321013,2029-12-30,4.186882938205314,4.186870694279258,4.162303515860168,4.188267169373319,0.8680108572497075
1241,3.3976728268309375,2030-01-06,4.187071960403928,4.18705240998472,4.162859249670662,4.188917373015015,0.8673085816619878
1248,3.4168377823408624,2030-01-13,4.187262060897631,4.187234125690183,4.163428469525824,4.189581206314906,0.8666067794783414
1255,3.436002737850787,2030-01-20,4.187453297907455,4.187415841395646,4.1640111749815425,4.190258669340715,0.8659054481985456
1262,3.455167693360712,2030-01-27,4.1876457283626785,4.187597557101109,4.1646073662598395,4.190949762161927,0.8652045853297597
1269,3.4743326488706368,2030-02-03,4.187839407936462,4.187779272806571,4.165217043360689,4.191654484849166,0.8645041883865127
1276,3.4934976043805612,2030-02-10,4.188034391080301,4.187960988512034,4.165840206284068,4.192372837474462,0.8638042548906908
1283,3.512662559890486,2030-02-17,4.188230731057339,4.188142704217497,4.166476855029949,4.193104820111252,0.8631047823715259
1290,3.5318275154004106,2030-02-24,4.188428479974628,4.188324419922959,4.167126989376265,4.193850432834463,0.8624057683655832
1297,3.5509924709103355,2030-03-03,4.188627688814317,4.1885061356284226,4.167790609545033,4.1946096757204305,0.8617072104167495
1304,3.57015742642026,2030-03-10,4.1888284074638475,4.188687851333885,4.168467715536224,4.195382548846545,0.8610091060762207
1311,3.589322381930185,2030-03-17,4.1890306847451715,4.188869567039347,4.169158307127769,4.196169052292125,0.8603114529024911
1318,3.6084873374401094,2030-03-24,4.189234568443063,4.189051282744811,4.169862384763728,4.196969186137458,0.8596142484613405
1325,3.6276522929500343,2030-03-31,4.189440105332495,4.189232998450273,4.170579947999982,4.197782950464415,0.8589174903258233
1332,3.646817248459959,2030-04-07,4.189647341205186,4.189414714155736,4.171310997280592,4.1986103453562675,0.8582211760762565
1339,3.6659822039698837,2030-04-14,4.189856320895302,4.189596429861199,4.172055531939398,4.1994513708975205,0.8575253033002084
1346,3.685147159479808,2030-04-21,4.190067088304341,4.189778145566661,4.172813552864541,4.200306027174172,0.856829869592487
1353,3.704312114989733,2030-04-28,4.190279686425286,4.189959861272124,4.173585059167819,4.201174314273887,0.8561348725551285
1360,3.7234770704996576,2030-05-05,4.190494157365956,4.190141576977587,4.174370051515331,4.202056232285122,0.8554403097973863
1367,3.7426420260095825,2030-05-12,4.190710542371693,4.19032329268305,4.175168529462957,4.202951781298267,0.8547461789357194
1374,3.761806981519507,2030-05-19,4.190928881847323,4.190505008388512,4.17598049323271,4.203860961404939,0.8540524775937812
1381,3.780971937029432,2030-05-26,4.1911492153784415,4.190686724093975,4.176805942824556,4.204783772698078,0.8533592034024089
1388,3.800136892539357,2030-06-02,4.191371581752112,4.190868439799438,4.177644878016417,4.205720215272024,0.8526663539996114
1395,3.8193018480492813,2030-06-09,4.191596018976854,4.1910501555049,4.178497299252348,4.206670289222525,0.8519739270305595
1402,3.838466803559206,2030-06-16,4.191822564302119,4.191231871210364,4.1793632063102715,4.207633994646822,0.851281920147574
1409,3.8576317590691307,2030-06-23,4.192051254237115,4.191413586915826,4.180242598968106,4.208611331643473,0.8505903310101153
1416,3.8767967145790556,2030-06-30,4.19228212456912,4.191595302621289,4.181135477447862,4.209602300312355,0.8498991572847724
1423,3.89596167008898,2030-07-07,4.192515210381244,4.191777018326752,4.182041841749502,4.210606900754836,0.8492083966452523
1430,3.915126625598905,2030-07-14,4.192750546069641,4.191958734032214,4.182961691872991,4.211625133073781,0.8485180467723694
1437,3.9342915811088295,2030-07-21,4.1929881653602585,4.1921404497376775,4.183895027596245,4.212656997373281,0.8478281053540345
1444,3.9534565366187544,2030-07-28,4.193228101325087,4.19232216544314,4.184841849141273,4.213702493758746,0.8471385700852445
1451,3.972621492128679,2030-08-04,4.1934703863979195,4.192503881148602,4.185802156508037,4.2147616223371696,0.8464494386680719
1458,3.991786447638604,2030-08-11,4.193715052389675,4.192685596854066,4.186775949696496,4.215834383217033,0.8457607088116544
1465,4.010951403148528,2030-08-18,4.193962130503288,4.192867312559528,4.18776322870661,4.216920776507703,0.8450723782321844
1472,4.030116358658453,2030-08-25,4.194211651348147,4.193189239574771,4.188763993538342,4.2180208023206465,0.8443844446528989
1479,4.049281314168378,2030-09-01,4.194463644954172,4.1935345351416435,4.189778243969606,4.219134460768217,0.8436969058040688
1486,4.068446269678303,2030-09-08,4.194718140785431,4.193879830708515,4.190805980444448,4.220261751964256,0.8430097594229893
1493,4.087611225188227,2030-09-15,4.194975167753408,4.194225126275388,4.191847202296697,4.221402676024186,0.8423230032539696
1500,4.1067761806981515,2030-09-22,4.195234754229933,4.19457042184226,4.1929019101924405,4.222557233064577,0.8416366350483223
1507,4.125941136208077,2030-09-29,4.1954969280596615,4.194915717409133,4.193970103909591,4.2237254232035735,0.8409506525643543
1514,4.145106091718001,2030-10-06,4.195761716572304,4.1952610129760055,4.1950517834481085,4.22490724656064,0.8402650535673561
1521,4.164271047227926,2030-10-13,4.196029146594453,4.195606308542878,4.196146948585904,4.2261027032566485,0.8395798358295924
1528,4.183436002737851,2030-10-20,4.19629924446112,4.195951604109751,4.1972555995449765,4.227311793413874,0.8388949971302919
1535,4.202600958247776,2030-10-27,4.196572036026929,4.196296899676623,4.1983777363252806,4.22853451715591,0.8382105352556378
1542,4.2217659137577,2030-11-03,4.196847546677041,4.196642195243496,4.199513358926773,4.229770874608019,0.8375264479987581
1549,4.240930869267625,2030-11-10,4.197125801337745,4.196987490810368,4.200662467349406,4.231020865896343,0.8368427331597155
1556,4.26009582477755,2030-11-17,4.197406824486779,4.197332786377241,4.201825061371089,4.2322844911490405,0.8361593885454986
1563,4.2792607802874745,2030-11-24,4.197690640163394,4.1976780819441135,4.203001141213821,4.233561750495066,0.8354764119700118
1570,4.298425735797399,2030-12-01,4.197977271978102,4.198023377510986,4.204190707099595,4.234852644065301,0.8347938012540657
1577,4.317590691307323,2030-12-08,4.198266743122214,4.198368673077858,4.205393758362235,4.236157171991599,0.8341115542253682
1584,4.336755646817249,2030-12-15,4.198559076377091,4.19871396864473,4.206610295889865,4.2374753344074785,0.8334296687185148
1591,4.355920602327173,2030-12-22,4.198854294123159,4.199059264211603,4.207840318794261,4.238807131447777,0.8327481425749793
1598,4.375085557837098,2030-12-29,4.199152418348705,4.1994045597784755,4.209083827741506,4.240152563248559,0.8320669736431048
1605,4.394250513347022,2031-01-05,4.199453470658416,4.199749855345348,4.210340822065416,4.2415116299475635,0.8313861597780939
1612,4.413415468856948,2031-01-12,4.199757472281709,4.200095150912221,4.2116113024320745,4.242884331683843,0.8307056988420006
1619,4.432580424366872,2031-01-19,4.200064444080854,4.200440446479093,4.212895268619383,4.244270668597681,0.83002558870372
1626,4.4517453798767965,2031-01-26,4.200374406558858,4.200785742045966,4.214192720627293,4.245670640830855,0.8293458272389802
1633,4.470910335386721,2031-02-02,4.200687379867188,4.201131037612838,4.215503658455749,4.247084248526633,0.8286664123303328
1640,4.490075290896646,2031-02-09,4.201003383813254,4.201476333179711,4.216828082104699,4.248511491829605,0.8279873418671445
1647,4.509240246406571,2031-02-16,4.201322437867725,4.2018216287465835,4.218165991352046,4.249952370885675,0.8273086137455875
1654,4.528405201916495,2031-02-23,4.201644561171668,4.202166924313456,4.2195173864197795,4.251406885842328,0.8266302258686314
1661,4.547570157426421,2031-03-02,4.201969772543474,4.202512219880329,4.220882267085801,4.252875036848194,0.825952176146034
1668,4.566735112936345,2031-03-09,4.202298090485644,4.2028575154472,4.222260633794142,4.254356824053484,0.8252744624943327
1675,4.58590006844627,2031-03-16,4.2026295331913746,4.203202811014073,4.223652486322705,4.25585224760981,0.824597082836836
1682,4.605065023956194,2031-03-23,4.202964118551018,4.2035481065809455,4.225057824449388,4.257361307670107,0.8239200351036146
1689,4.6242299794661195,2031-03-30,4.203301864158327,4.203893402147818,4.226476648396179,4.258884004388711,0.8232433172314934
1696,4.643394934976044,2031-04-06,4.203642787316601,4.204238697714691,4.22790895816302,4.260420337921367,0.8225669271640421
1703,4.662559890485968,2031-04-13,4.203986905044638,4.204583993281563,4.229354753749854,4.261970308425224,0.8218908628515679
1710,4.681724845995893,2031-04-20,4.204334234082582,4.204929288848436,4.23081403515662,4.263533916058748,0.8212151222511058
1717,4.700889801505818,2031-04-27,4.204684790897568,4.205274584415308,4.232286802383263,4.265111160981899,0.8205397033264118
1724,4.720054757015743,2031-05-04,4.205038591689285,4.205619879982181,4.233773055207676,4.266702043356219,0.8198646040479531
1731,4.739219712525667,2031-05-11,4.205395652395396,4.2059651755490535,4.235272793851844,4.268306563344038,0.8191898223929008
1738,4.758384668035592,2031-05-18,4.205755988696796,4.206310471115926,4.236786018315708,4.26992472110971,0.8185153563451214
1745,4.777549623545517,2031-05-25,4.206119616022757,4.206655766682799,4.238312728599203,4.271556479416646,0.8178412038951687
1752,4.7967145790554415,2031-06-01,4.206486549555972,4.207001062249671,4.2398529244802265,4.273201172787416,0.8171673630402758
1759,4.815879534565366,2031-06-08,4.206856804237452,4.207346357816543,4.241406606180759,4.274857614438424,0.8164938317843469
1766,4.8350444900752905,2031-06-15,4.20723039477132,4.207691653383415,4.242973773922781,4.276524601788603,0.8158206081379493
1773,4.854209445585216,2031-06-22,4.207607335629484,4.208036948950288,4.244554427262143,4.278200932237297,0.8151476901183058
1780,4.87337440109514,2031-06-29,4.207987641056202,4.208382244517161,4.246148566420824,4.279885403164788,0.8144750757492862
1787,4.892539356605065,2031-07-06,4.208371325072545,4.208727540084033,4.247756191398758,4.281576811931329,0.8138027630614002
1794,4.91170431211499,2031-07-13,4.2087584014807495,4.209072835650906,4.2493773021958825,4.2832739558774096,0.8131307500917888
1801,4.930869267624915,2031-07-20,4.209148883868464,4.209418131217778,4.251011898590086,4.2849756323234045,0.8124590348842173
1808,4.950034223134839,2031-07-27,4.209542785612916,4.209763426784651,4.252659981025391,4.286680638569308,0.8117876154890671
1815,4.969199178644764,2031-08-03,4.209940119884962,4.2101087223515234,4.2543215488356,4.288387771894647,0.811116489963328
1822,4.988364134154689,2031-08-10,4.210340899653042,4.210454017918396,4.25599660290882,4.290095829558745,0.8104456563705913
1829,5.007529089664613,2031-08-17,4.2107451376870815,4.210799313485269,4.257685142356808,4.29180360880002,0.8097751127810411
1836,5.026694045174538,2031-08-24,4.211152844702765,4.211268815783621,4.259384642321049,4.293509944240788,0.809104857347127
1843,5.045859000684462,2031-08-31,4.211564000138174,4.211759019203885,4.261083580511944,4.2952142987594915,0.8084348894977457
1850,5.065023956194388,2031-09-07,4.211978558022241,4.212249222624151,4.262780536072127,4.296916656550752,0.8077652097169369
1857,5.084188911704312,2031-09-14,4.212396472301451,4.212739426044416,4.264475509223652,4.298617017589009,0.807095818519207
1864,5.103353867214237,2031-09-21,4.212817697614088,4.213229629464681,4.266168499966528,4.30031538184861,0.8064267164175767
1871,5.122518822724161,2031-09-28,4.213242189277279,4.213719832884946,4.267859508078723,4.302011749304171,0.8057579039235825
1878,5.1416837782340865,2031-10-05,4.21366990327435,4.214210036305212,4.269548534004332,4.303706119930128,0.8050893815472776
1885,5.160848733744011,2031-10-12,4.214100796242456,4.2147002397254765,4.271235577521323,4.305398493701185,0.8044211497972333
1892,5.1800136892539355,2031-10-19,4.214534825460491,4.215190443145742,4.272920638185619,4.307088870591867,0.8037532091805403
1899,5.19917864476386,2031-10-26,4.214971948837246,4.215680646566007,4.274603716663361,4.308777250576787,0.8030855602028094
1906,5.218343600273785,2031-11-02,4.215412124899858,4.2161708499862725,4.276284812732514,4.310463633630471,0.8024182033681738
1913,5.23750855578371,2031-11-09,4.215855312782486,4.216661053406537,4.2779639261710445,4.312148019727797,0.8017511391792893
1920,5.256673511293634,2031-11-16,4.216301472215247,4.217151256826803,4.2796410569789645,4.313830408843378,0.801084368137336
1927,5.27583846680356,2031-11-23,4.216750563513403,4.2176414602470675,4.281316205822413,4.315510800951827,0.8004178907420195
1934,5.295003422313484,2031-11-30,4.217202547566752,4.218131663667333,4.282989371813226,4.317189196028199,0.7997517074915724
1941,5.314168377823409,2031-12-07,4.217657385829281,4.218621867087598,4.2846605556175446,4.318865594047018,0.7990858188827551
1948,5.333333333333333,2031-12-14,4.218115040309034,4.2191120705078635,4.2863297565692475,4.320539994983162,0.7984202254108572
1955,5.352498288843258,2031-12-21,4.21857547355817,4.219602273928128,4.287996975556519,4.3222123988116845,0.7977549275696992
1962,5.371663244353183,2031-12-28,4.219038648663289,4.220092477348394,4.289662211691195,4.323882805507198,0.7970899258516331
1969,5.390828199863107,2032-01-04,4.219504529235905,4.220582680768659,4.291325465417372,4.325551215044932,0.796425220747544
1976,5.409993155373032,2032-01-11,4.21997307940316,4.221072884188924,4.292986736957104,4.3272176273994996,0.7957608127468513
1983,5.429158110882957,2032-01-18,4.220444263798724,4.221563087609189,4.29464602564427,4.328882042546042,0.7950967023375103
1990,5.448323066392882,2032-01-25,4.220918047553876,4.222053291029455,4.296303332145011,4.330544460459612,0.7944328900060129
1997,5.467488021902806,2032-02-01,4.221394396288796,4.222543494449719,4.297958656237292,4.3322048811152625,0.7937693762373895
2004,5.486652977412731,2032-02-08,4.221873276104028,4.223033697869985,4.29961199769908,4.333863304487871,0.7931061615152096
2011,5.505817932922656,2032-02-15,4.2223546535721015,4.22352390129025,4.301263356752429,4.335519730552666,0.7924432463215838
2018,5.5249828884325805,2032-02-22,4.222838495729355,4.224014104710515,4.302912733397349,4.337174159284875,0.7917806311371646
2025,5.544147843942505,2032-02-29,4.223324770067936,4.22450430813078,4.304560127633849,4.338826590659377,0.7911183164411476
2032,5.563312799452429,2032-03-07,4.2238134445279165,4.224994511551046,4.306205539239895,4.340477024651576,0.7904563027112735
2039,5.582477754962355,2032-03-14,4.224304487489627,4.22548471497131,4.307848968659584,4.342125461236699,0.7897945904238288
2046,5.601642710472279,2032-03-21,4.224797867766139,4.225974918391576,4.30949041544884,4.3437719003898,0.789133180053647
2053,5.620807665982204,2032-03-28,4.225293554595841,4.226465121811841,4.311129879607671,4.34541634208646,0.7884720720741104
2060,5.639972621492129,2032-04-04,4.22579151763526,4.226955325232106,4.312767361358132,4.347058786301642,0.7878112669571511
2067,5.6591375770020536,2032-04-11,4.226291726951953,4.227445528652371,4.314402860922273,4.348699233010928,0.7871507651732523
2074,5.678302532511978,2032-04-18,4.226794153017587,4.227935732072637,4.316036377856022,4.3503376821896325,0.7864905671914499
2081,5.6974674880219025,2032-04-25,4.227298766701128,4.2284259354929015,4.3176679123814266,4.351974133813073,0.7858306734793334
2088,5.716632443531828,2032-05-02,4.22780553926219,4.228916138913167,4.319297464276457,4.353608587856654,0.7851710845030475
2095,5.735797399041752,2032-05-09,4.228314442344507,4.229406342333432,4.320925033985207,4.355241044295956,0.7845118007272934
2102,5.754962354551677,2032-05-16,4.2288254479695375,4.2298965457536974,4.322550621063603,4.356871503106382,0.7838528226153301
2109,5.774127310061601,2032-05-23,4.229338528530193,4.230386749173962,4.324174225733695,4.358499964263512,0.7831941506289756
2116,5.793292265571527,2032-05-30,4.229853656784701,4.230876952594228,4.325795847995493,4.3601264277428395,0.7825357852286084
2123,5.812457221081451,2032-06-06,4.23037080585057,4.2313671560144925,4.327415487626964,4.36175089352003,0.781877726873169
2130,5.831622176591376,2032-06-13,4.2308899491987,4.231857359434758,4.329033144850162,4.36337336157049,0.7812199760201607
2137,5.8507871321013,2032-06-20,4.231411060647586,4.232347562855023,4.330648819665094,4.364993831870063,0.7805625331256515
2144,5.8699520876112254,2032-06-27,4.231934114357646,4.2328377662752885,4.332262512071772,4.3666123043942395,0.779905398644275
2151,5.88911704312115,2032-07-04,4.232459084825655,4.233327969695553,4.333874222070205,4.368228779118864,0.7792485730292322
2158,5.908281998631074,2032-07-11,4.2329859468792925,4.233818173115819,4.335483949438357,4.369843256019604,0.7785920567322926
2165,5.927446954141,2032-07-18,4.233514675671796,4.234308376536084,4.337091694398286,4.371455735072127,0.7779358502037952
2172,5.946611909650924,2032-07-25,4.234045246676702,4.234798579956349,4.338697456949996,4.373066216252366,0.7772799538926509
2179,5.965776865160849,2032-08-01,4.234577635682725,4.235288783376614,4.340301236871456,4.374674699536075,0.7766243682463425
2186,5.984941820670773,2032-08-08,4.23511181878868,4.23577898679688,4.3419030343847185,4.3762811848990975,0.7759690937109273
2193,6.0041067761806985,2032-08-15,4.235647772398564,4.236269190217144,4.343502849711837,4.377885672317277,0.7753141307310374
2200,6.023271731690623,2032-08-22,4.236185473216677,4.236800720598681,4.345100682408733,4.379488161766547,0.7746594797498819
2207,6.0424366872005475,2032-08-29,4.236724898242877,4.237363246201171,4.34669653269746,4.381088653222836,0.7740051412092481
2214,6.061601642710472,2032-09-05,4.237266024767891,4.237925771803661,4.348290400355984,4.382687146662165,0.7733511155495024
2221,6.080766598220397,2032-09-12,4.237808830368747,4.2384882974061515,4.349882285828402,4.384283642060376,0.7726974032095921
2228,6.099931553730322,2032-09-19,4.23835329290427,4.2390508230086414,4.351472188670636,4.385878139393665,0.7720440046270468
2235,6.119096509240246,2032-09-26,4.238899390510666,4.239613348611131,4.353060108882695,4.387470638637963,0.7713909202379796
2242,6.138261464750171,2032-10-03,4.239447101597195,4.240175874213621,4.354646046908677,4.389061139769377,0.7707381504770884
2249,6.157426420260096,2032-10-10,4.239996404841922,4.240738399816111,4.3562300023045015,4.39064964276419,0.7700856957776577
2256,6.176591375770021,2032-10-17,4.240547279187547,4.241300925418601,4.357811975514268,4.392236147598334,0.7694335565715595
2263,6.195756331279945,2032-10-24,4.241099703837309,4.241863451021091,4.359391965871854,4.393820654248001,0.7687817332892551
2270,6.2149212867898695,2032-10-31,4.241653658250972,4.242425976623581,4.3609699740434,4.395403162689477,0.7681302263597962
2277,6.234086242299795,2032-11-07,4.2422091221408795,4.242988502226071,4.362545999584827,4.396983672898956,0.7674790362108265
2284,6.253251197809719,2032-11-14,4.242766075468089,4.243551027828562,4.3641200429402325,4.398562184852807,0.7668281632685828
2291,6.272416153319644,2032-11-21,4.243324498438564,4.244113553431052,4.365692103665539,4.4001386985271385,0.7661776079578969
2298,6.291581108829569,2032-11-28,4.243884371499452,4.244676079033542,4.367262181982799,4.401713213898408,0.7655273707021966
2305,6.310746064339494,2032-12-05,4.244445675335415,4.2452386046360315,4.368830277669979,4.403285730942899,0.7648774519235071
2312,6.329911019849418,2032-12-12,4.245008390865045,4.2458011302385215,4.370396391171174,4.404856249636983,0.7642278520424528
2319,6.349075975359343,2032-12-19,4.245572499237317,4.246363655841011,4.371960521820263,4.406424769957203,0.7635785714782583
2326,6.368240930869268,2032-12-26,4.24613798182814,4.246926181443501,4.37352267050543,4.407991291879846,0.7629296106487499
2333,6.3874058863791925,2033-01-02,4.246704820236937,4.247488707045991,4.375082836338511,4.409555815381542,0.7622809699703573
2340,6.406570841889117,2033-01-09,4.247272996283316,4.248051232648481,4.376641019763601,4.411118340438488,0.7616326498581145
2347,6.425735797399041,2033-01-16,4.247842492003769,4.248613758250972,4.378197221002752,4.412678867027669,0.760984650725662
2354,6.444900752908967,2033-01-23,4.248413289648469,4.249176283853462,4.379751439611889,4.414237395125369,0.7603369729852474
2361,6.464065708418891,2033-01-30,4.248985371678081,4.249738809455952,4.3813036755910195,4.415793924708131,0.7596896170477271
2368,6.483230663928816,2033-02-06,4.249558720760674,4.250301335058442,4.38285392938424,4.4173484557527685,0.7590425833225681
2375,6.50239561943874,2033-02-13,4.2501333197686355,4.250863860660932,4.384402200547472,4.4189009882358254,0.7583958722178491
2382,6.521560574948666,2033-02-20,4.250709151775697,4.251426386263422,4.385948489302768,4.420451522133936,0.7577494841402618
2389,6.54072553045859,2033-02-27,4.251286200053963,4.2519889118659115,4.3874927956501395,4.422000057423911,0.7571034194951127
2396,6.5598904859685145,2033-03-06,4.25186444807103,4.2525514374684015,4.389035119589593,4.423546594082383,0.7564576786863245
2403,6.579055441478439,2033-03-13,4.2524438794871315,4.253113963070891,4.390575460899096,4.42509113208634,0.7558122621164372
2410,6.598220396988364,2033-03-20,4.253024478152337,4.253676488673381,4.3921138198006995,4.426633671412326,0.7551671701866094
2417,6.617385352498289,2033-03-27,4.253606228103807,4.254239014275872,4.3936501962944154,4.4281742120373275,0.754522403296621
2424,6.636550308008213,2033-04-03,4.254189113563092,4.254801539878362,4.39518459038025,4.429712753938329,0.7538779618448731
2431,6.655715263518139,2033-04-10,4.254773118933479,4.255364065480852,4.39671700183617,4.431249297091877,0.7532338462283902
2438,6.674880219028063,2033-04-17,4.2553582287973795,4.255926591083342,4.398247430884228,4.432783841475133,0.7525900568428215
2445,6.694045174537988,2033-04-24,4.255944427913765,4.256489116685832,4.3997758775244336,4.434316387064994,0.7519465940824428
2452,6.713210130047912,2033-05-01,4.256531701215645,4.257051642288322,4.4013023417567965,4.435846933838534,0.7513034583401573
2459,6.7323750855578375,2033-05-08,4.2571200338076025,4.257614167890812,4.4028268233592796,4.4373754817725635,0.7506606500074972
2466,6.751540041067762,2033-05-15,4.257709410963342,4.258176693493302,4.404349322775981,4.438902030844329,0.7500181694746255
2473,6.770704996577686,2033-05-22,4.258299818123302,4.258739219095792,4.405869839562822,4.440426581030731,0.7493760171303374
2480,6.789869952087611,2033-05-29,4.2588912408923045,4.259301744698282,4.4073883737198125,4.44194916867922,0.7487341933620615
2487,6.809034907597536,2033-06-05,4.259483665037248,4.259864270300772,4.408904925913092,4.443470054589442,0.7480926985558612
2494,6.828199863107461,2033-06-12,4.260077076484814,4.260426795903262,4.41041949503245,4.444989585102727,0.7474515330964367
2501,6.847364818617385,2033-06-19,4.260671461319249,4.260989321505752,4.411932082188116,4.446508106734593,0.7468106973671261
2508,6.86652977412731,2033-06-26,4.261266805780157,4.261551847108242,4.4134426867139664,4.448025966005393,0.7461701917499068
2515,6.885694729637235,2033-07-03,4.261863096260341,4.262114372710732,4.414951308610011,4.449543509440923,0.7455300166253972
2522,6.9048596851471595,2033-07-10,4.262460319303667,4.262676898313222,4.416457948098302,4.451061083572249,0.7448901723728583
2529,6.924024640657084,2033-07-17,4.263058461602993,4.263239423915712,4.417962605622935,4.452579034935624,0.7442506593701945
2536,6.9431895961670085,2033-07-24,4.263657509998095,4.263801949518202,4.419465280073703,4.454097710072567,0.7436114779939562
2543,6.962354551676934,2033-07-31,4.264257451473652,4.264364475120693,4.420965972338786,4.455617455529783,0.74297262861934
2550,6.981519507186858,2033-08-07,4.264858273157255,4.2649270007231825,4.4224646821961535,4.457138617859595,0.7423341116201915
2557,7.000684462696783,2033-08-14,4.2654599623174585,4.2654895263256725,4.423961409423768,4.458661543619162,0.7416959273690056
2564,7.019849418206708,2033-08-21,4.266062506361838,4.266064824475791,4.425456154243681,4.4601865793712605,0.741058076236929
2571,7.039014373716633,2033-08-28,4.2666658941258255,4.266657152689414,4.426950553117398,4.461714035311718,0.7404205585264454
2578,7.058179329226557,2033-09-04,4.26727012250977,4.267249480903038,4.428447378925666,4.463243997178541,0.7397833741238605
2585,7.077344284736482,2033-09-11,4.267875191466698,4.267841809116661,4.429946676965373,4.46477646516885,0.7391465227577534
2592,7.096509240246407,2033-09-18,4.268481100956073,4.268434137330284,4.431448447458551,4.466311439311279,0.7385100041572519
2599,7.115674195756331,2033-09-25,4.2690878509377885,4.269026465543908,4.432952690405189,4.467848919634728,0.7378738180523444
2606,7.134839151266256,2033-10-02,4.269695441372177,4.269618793757531,4.434459405805277,4.469388906167924,0.7372379641738777
2613,7.15400410677618,2033-10-09,4.270303872219989,4.270211121971154,4.4359685932147155,4.470931398939941,0.7366024422535555
2620,7.173169062286106,2033-10-16,4.270913143442399,4.270803450184777,4.437480253299624,4.47247639797959,0.7359672520239376
2627,7.19233401779603,2033-10-23,4.271523255000991,4.271395778398401,4.438994385615904,4.47402390331586,0.735332393218438
2634,7.211498973305955,2033-10-30,4.272134206857765,4.271988106612024,4.440510990385588,4.475573914977827,0.7346978655713237
2641,7.230663928815879,2033-11-06,4.2727459989751155,4.272580434825647,4.442030067386622,4.477126432994566,0.7340636688177132
2648,7.2498288843258045,2033-11-13,4.273358631315837,4.273172763039271,4.443551616841038,4.478681457395328,0.7334298026935757
2655,7.268993839835729,2033-11-20,4.27397210384312,4.273765091252894,4.445075638748825,4.480238988209013,0.7327962669357287
2662,7.2881587953456535,2033-11-27,4.274586416520542,4.274357419466518,4.446602132887925,4.481799025465049,0.7321630612818377
2669,7.307323750855578,2033-12-04,4.275201569312051,4.27494974768014,4.448131099480375,4.483361569192774,0.7315301854704142
2676,7.326488706365503,2033-12-11,4.2758175621819925,4.275542075893764,4.449662538304118,4.484926619421265,0.730897639240814
2683,7.345653661875428,2033-12-18,4.276434395095066,4.276134404107387,4.451196449581186,4.486494176180035,0.7302654223332369
2690,7.364818617385352,2033-12-25,4.277052068016348,4.276726732321011,4.4527328333115666,4.488064239498601,0.7296335344887245
2697,7.383983572895278,2034-01-01,4.277670580911273,4.277319060534634,4.454271689273206,4.489636809406212,0.7290019754491589
2704,7.403148528405202,2034-01-08,4.27828993374564,4.277911388748257,4.455813017688136,4.491211885932561,0.7283707449572616
2711,7.422313483915127,2034-01-15,4.278910126485594,4.278503716961881,4.457356818334303,4.492789469106985,0.7277398427565921
2718,7.441478439425051,2034-01-22,4.279531159097628,4.279096045175504,4.458903091655783,4.49436955895944,0.7271092685915463
2725,7.460643394934976,2034-01-29,4.280153031548589,4.279688373389127,4.460451837208473,4.495952155519175,0.7264790222073554
2732,7.479808350444901,2034-02-05,4.280775743805653,4.28028070160275,4.462003054992366,4.497537258816147,0.7258491033500843
2739,7.498973305954825,2034-02-12,4.281399295836341,4.280873029816374,4.4635567454515375,4.499124868879956,0.7252195117666304
2746,7.51813826146475,2034-02-19,4.282023687608494,4.2814653580299975,4.465112907919842,4.500714985740469,0.7245902472047222
2753,7.537303216974675,2034-02-26,4.282648919090292,4.28205768624362,4.466671543063402,4.502307609427465,0.7239613094129179
2760,7.5564681724846,2034-03-05,4.283274990250227,4.282650014457244,4.468232650438116,4.503902739970986,0.7233326981406044
2767,7.575633127994524,2034-03-12,4.283901901057119,4.283242342670867,4.4697962302660175,4.505500377400897,0.7227044131379952
2774,7.594798083504449,2034-03-19,4.2845296514801,4.283834670884491,4.471362282103008,4.5071005217469775,0.7220764541561294
2781,7.613963039014374,2034-03-26,4.285158241488607,4.284426999098113,4.472930806837249,4.508703173039357,0.7214488209468709
2788,7.6331279945242985,2034-04-02,4.285787671052391,4.285019327311737,4.474501803580557,4.510308331308341,0.7208215132629063
2795,7.652292950034223,2034-04-09,4.286417940141503,4.2856116555253605,4.476075272777005,4.511915996583882,0.7201945308577438
2802,7.671457905544147,2034-04-16,4.287049048726295,4.286203983738984,4.477651214204538,4.513526168896025,0.7195678734857117
2809,7.690622861054073,2034-04-23,4.287680996777413,4.286796311952608,4.479229628307234,4.515138848275074,0.7189415409019574
2816,7.709787816563997,2034-04-30,4.2883137842657915,4.28738864016623,4.48081051464099,4.516754034751333,0.718315532862446
2823,7.728952772073922,2034-05-07,4.288947411162662,4.287980968379854,4.4823938732057975,4.518371728355197,0.7176898491239585
2830,7.748117727583847,2034-05-14,4.289581877439533,4.288573296593477,4.483979704445732,4.519991929116794,0.7170644894440908
2837,7.767282683093772,2034-05-21,4.290217183068198,4.289165624807101,4.485568007916693,4.521614637066784,0.7164394535812526
2844,7.786447638603696,2034-05-28,4.2908533280207255,4.2897579530207235,4.487158783618668,4.52323985223538,0.7158147412946654
2851,7.8056125941136205,2034-06-04,4.291490312269462,4.290350281234347,4.48875203177369,4.524867574653156,0.7151903523443617
2858,7.824777549623546,2034-06-11,4.2921281357870225,4.290942609447971,4.490347752159705,4.526497804350765,0.7145662864911835
2865,7.84394250513347,2034-06-18,4.292766798546286,4.291534937661594,4.491945944998743,4.528130541358689,0.713942543496781
2872,7.863107460643395,2034-06-25,4.293406300520404,4.292127265875217,4.493546610512835,4.529765785707586,0.713319123123611
2879,7.882272416153319,2034-07-02,4.294046641682785,4.29271959408884,4.495149748035841,4.531403537428201,0.7126960251349359
2886,7.901437371663245,2034-07-09,4.294687822007095,4.293311922302464,4.496755358233877,4.5330437965511,0.7120732492948221
2893,7.920602327173169,2034-07-16,4.295329841467253,4.293904250516087,4.498363440440802,4.534686563107293,0.711450795368139
2900,7.939767282683094,2034-07-23,4.295972700037433,4.29449657872971,4.499973995322735,4.536331837127525,0.7108286631205575
2907,7.958932238193018,2034-07-30,4.296616397692057,4.295088906943334,4.501587022435576,4.53797961864254,0.7102068523185481
2914,7.9780971937029435,2034-08-06,4.297260934405796,4.295681235156957,4.503202522001357,4.539629907683347,0.7095853627293804
2921,7.997262149212868,2034-08-13,4.297906310153556,4.296273563370581,4.504820493798022,4.541282704281042,0.7089641941211218
2928,8.016427104722792,2034-08-20,4.298552524910488,4.296886321833977,4.50644093782556,4.5429380084664555,0.7083433462626352
2935,8.035592060232718,2034-08-27,4.299199578651982,4.297550155921806,4.508063854528045,4.544595820270773,0.7077228189235786
2942,8.054757015742641,2034-09-03,4.299847471353658,4.298213990009636,4.509689243461379,4.546256139725003,0.7071026118744034
2949,8.073921971252567,2034-09-10,4.3004962029913685,4.298877824097465,4.511317104847593,4.547918966860328,0.7064827248863531
2956,8.093086926762492,2034-09-17,4.301145773541195,4.299541658185294,4.512947438686674,4.549584301708109,0.7058631577314621
2963,8.112251882272416,2034-09-24,4.30179618297945,4.300205492273124,4.514580244534524,4.551252144299353,0.7052439101825542
2970,8.131416837782341,2034-10-01,4.30244743128266,4.300869326360953,4.5162155230572605,4.552922494665508,0.7046249820132411
2977,8.150581793292266,2034-10-08,4.303099518427576,4.301533160448782,4.517853274032829,4.554595352837933,0.7040063729979218
2984,8.16974674880219,2034-10-15,4.303752444391176,4.302196994536612,4.519493497239174,4.556270718847901,0.7033880829117802
2991,8.188911704312115,2034-10-22,4.304406209150634,4.302860828624441,4.521136192676281,4.557948592726945,0.7027701115307851
2998,8.208076659822039,2034-10-29,4.305060812683359,4.30352466271227,4.522781360566184,4.559628974506514,0.7021524586316874
3005,8.227241615331964,2034-11-05,4.305716254966954,4.3041884968001,4.524429000686827,4.561311864218319,0.7015351239920201
3012,8.24640657084189,2034-11-12,4.306372535979241,4.304852330887929,4.526079113482284,4.5629972618936305,0.7009181073900959
3019,8.265571526351813,2034-11-19,4.307029655698241,4.305516164975758,4.527731698730498,4.5646851675643365,0.7003014086050069
3026,8.284736481861739,2034-11-26,4.307687614102183,4.306179999063588,4.529386755987371,4.566375581261971,0.6996850274166222
3033,8.303901437371664,2034-12-03,4.308346411169491,4.306843833151417,4.5310442856969795,4.568068503018157,0.6990689636055878
3040,8.323066392881588,2034-12-10,4.309006046878792,4.307507667239246,4.532704287859308,4.569763932865046,0.6984532169533241
3047,8.342231348391513,2034-12-17,4.309666521208913,4.3081715013270765,4.534366762474346,4.571461870834084,0.6978377872420253
3054,8.361396303901437,2034-12-24,4.310327834138864,4.308835335414906,4.536031709097994,4.573162316957246,0.697222674254658
3061,8.380561259411362,2034-12-31,4.31098998564786,4.309499169502735,4.537699128618414,4.574865271266507,0.6966078777749595
3068,8.399726214921287,2035-01-07,4.311652975715296,4.3101630035905645,4.539369020147417,4.576570733793841,0.6959933975874373
3075,8.41889117043121,2035-01-14,4.31231680432076,4.310826837678394,4.541041384129082,4.578278704571134,0.6953792334773666
3082,8.438056125941136,2035-01-21,4.312981471444024,4.311490671766223,4.542716220341349,4.579989183630536,0.6947653852307902
3089,8.457221081451062,2035-01-28,4.313646977065042,4.3121545058540525,4.544393529228296,4.58170217100411,0.6941518526345164
3096,8.476386036960985,2035-02-04,4.31431332116395,4.312818339941882,4.546073310123778,4.5834176667240065,0.6935386354761179
3103,8.49555099247091,2035-02-11,4.314980503721065,4.313482174029711,4.547755563693913,4.585135670822287,0.6929257335439306
3110,8.514715947980836,2035-02-18,4.31564852471688,4.3141460081175405,4.549440289494602,4.586856183331452,0.6923131466270522
3117,8.53388090349076,2035-02-25,4.316317384132059,4.31480984220537,4.551127487747876,4.588579204283653,0.6917008745153411
3124,8.553045859000685,2035-03-04,4.316987081947444,4.315473676293199,4.552817158231679,4.590304733711304,0.6910889169994148
3131,8.572210814510608,2035-03-11,4.317657618144053,4.316137510381028,4.5545093013900875,4.592032771646642,0.6904772738706482
3138,8.591375770020534,2035-03-18,4.318328992703065,4.316801344468858,4.5562039167789985,4.593763318122257,0.6898659449211736
3145,8.61054072553046,2035-03-25,4.319001205605828,4.317465178556687,4.5579010043984,4.595496373170562,0.6892549299438783
3152,8.629705681040383,2035-04-01,4.319674256833858,4.318129012644516,4.559600564248281,4.597231936823971,0.6886442287324033
3159,8.648870636550308,2035-04-08,4.320348146368837,4.318792846732346,4.561302596772714,4.59897000911516,0.6880338410811426
3166,8.668035592060233,2035-04-15,4.321022874192599,4.319456680820175,4.563007101527602,4.600710590076808,0.6874237667852419
3173,8.687200547570157,2035-04-22,4.321698440287153,4.320120514908004,4.564714078734974,4.602453679741504,0.6868140056405961
3180,8.706365503080082,2035-04-29,4.322374844634657,4.320784348995834,4.566423528172774,4.604199278141923,0.6862045574438498
3187,8.725530458590006,2035-05-06,4.323052087217427,4.321448183083663,4.568135450285077,4.6059473853110084,0.6855954219923946
3194,8.744695414099931,2035-05-13,4.323730168017929,4.322112017171492,4.56984984440574,4.607698001281437,0.6849865990843688
3201,8.763860369609857,2035-05-20,4.324409087018796,4.322775851259323,4.571566710978835,4.609451126085972,0.6843780885186548
3208,8.78302532511978,2035-05-27,4.325088844202803,4.323439685347152,4.573286050004352,4.611206759757644,0.6837698900948793
3215,8.802190280629706,2035-06-03,4.325769439552872,4.324103519434981,4.575007861482276,4.6129649023293915,0.6831620036134112
3222,8.821355236139631,2035-06-10,4.326450873052083,4.324767353522811,4.576732145190554,4.614725553834157,0.6825544288753602
3229,8.840520191649555,2035-06-17,4.327133144683658,4.32543118761064,4.578458901129169,4.616488714304968,0.681947165682576
3236,8.85968514715948,2035-06-24,4.327816254430958,4.326095021698469,4.580188129742199,4.618254383775118,0.6813402138376466
3243,8.878850102669405,2035-07-01,4.328500202277499,4.326758855786299,4.581919830807584,4.620022562277458,0.6807335731438974
3250,8.898015058179329,2035-07-08,4.329184988206928,4.327422689874128,4.583654003881228,4.621793249845457,0.6801272434053892
3257,8.917180013689254,2035-07-15,4.329870612203044,4.328086523961957,4.585390649407201,4.623566446512055,0.6795212244269179
3264,8.936344969199178,2035-07-22,4.3305570742497785,4.328750358049787,4.587129767385494,4.625342152310807,0.6789155160140122
3271,8.955509924709103,2035-07-29,4.331244374331199,4.329414192137616,4.5888713578160925,4.627120367274832,0.6783101179729334
3278,8.974674880219029,2035-08-05,4.331932512431512,4.330078026225445,4.590615420476939,4.6289010914374185,0.6777050301106728
3285,8.993839835728952,2035-08-12,4.332621488535056,4.330741860313275,4.592361955368023,4.630684324832476,0.6771002522349521
3292,9.013004791238878,2035-08-19,4.333311302626307,4.331405694401104,4.594110962933417,4.632470067493031,0.6764957841542201
3299,9.032169746748803,2035-08-26,4.33400195468987,4.332144772884803,4.595862442729021,4.634258319452642,0.6758916256776532
3306,9.051334702258726,2035-09-02,4.33469344471048,4.332896392101147,4.597616394754822,4.63604908074495,0.6752877766151529
3313,9.070499657768652,2035-09-09,4.335385772673002,4.333648011317491,4.599372819454894,4.637842351403599,0.6746842367773457
3320,9.089664613278575,2035-09-16,4.336078938562427,4.334399630533836,4.6011317163851375,4.639638131462232,0.6740810059755804
3327,9.1088295687885,2035-09-23,4.336772942363876,4.33515124975018,4.6028930855455386,4.641436420954494,0.6734780840219279
3334,9.127994524298426,2035-09-30,4.33746778406259,4.335902868966524,4.604656927380172,4.6432372199142895,0.6728754707291795
3341,9.14715947980835,2035-10-07,4.338163463643941,4.336654488182869,4.606423241444938,4.645040528375264,0.6722731659108457
3348,9.166324435318275,2035-10-14,4.338859981093416,4.337406107399213,4.608192027739822,4.646846346371236,0.671671169381155
3355,9.1854893908282,2035-10-21,4.3395573363966236,4.338157726615557,4.609963286486855,4.648654673936201,0.6710694809550524
3362,9.204654346338124,2035-10-28,4.340255529539296,4.338909345831901,4.611737017463981,4.6504655111040645,0.6704681004481983
3369,9.22381930184805,2035-11-04,4.340954560507284,4.339660965048245,4.613513221115275,4.652278857908909,0.6698670276769673
3376,9.242984257357975,2035-11-11,4.341654429286553,4.340412584264589,4.6152918969966334,4.654094714384555,0.6692662624584464
3383,9.262149212867898,2035-11-18,4.342355135863187,4.3411642034809335,4.617073045330089,4.655913080565259,0.6686658046104348
3390,9.281314168377824,2035-11-25,4.343056680223378,4.341915822697278,4.618856665893585,4.657733956485107,0.6680656539514416
3397,9.300479123887747,2035-12-02,4.3437590623534446,4.342667441913622,4.620642758687107,4.659557342178266,0.6674658103006846
3404,9.319644079397673,2035-12-09,4.344462282239808,4.343419061129966,4.6224313241547295,4.661383237678995,0.66686627347809
3411,9.338809034907598,2035-12-16,4.345166339869003,4.34417068034631,4.624222361852351,4.663211643021466,0.6662670433042899
3418,9.357973990417522,2035-12-23,4.345871235227676,4.344922299562654,4.626015872002005,4.665042558240112,0.6656681196006218
3425,9.377138945927447,2035-12-30,4.3465769683025846,4.345673918778998,4.627811854603675,4.666875983369279,0.665069502189127
3432,9.396303901437372,2036-01-06,4.347283539080589,4.3464255379953425,4.629610309213262,4.668711918443225,0.6644711908925496
3439,9.415468856947296,2036-01-13,4.347990947548658,4.347177157211687,4.631411236496883,4.670550363496736,0.663873185534335
3446,9.434633812457221,2036-01-20,4.348699193693871,4.347928776428031,4.633214636010437,4.6723913185639825,0.6632754859386288
3453,9.453798767967145,2036-01-27,4.349408277503406,4.348680395644375,4.635020507975955,4.67423478367975,0.6626780919302753
3460,9.47296372347707,2036-02-03,4.350118198964547,4.349432014860719,4.636828852393423,4.676080758878384,0.6620810033348165
3467,9.492128678986996,2036-02-10,4.350828958064685,4.350183634077063,4.63863966881874,4.677929244194845,0.6614842199784905
3474,9.51129363449692,2036-02-17,4.3515405547913035,4.350935253293407,4.640452957918026,4.679780239663657,0.6608877416882308
3481,9.530458590006845,2036-02-24,4.352252989131994,4.3516868725097515,4.642268719469221,4.681633745319692,0.6602915682916646
3488,9.54962354551677,2036-03-02,4.352966261074449,4.352438491726096,4.644086953028225,4.683489761197471,0.6596956996171112
3495,9.568788501026694,2036-03-09,4.353680370606452,4.35319011094244,4.645907659261156,4.685348287331956,0.6591001354935817
3502,9.587953456536619,2036-03-16,4.354395317715888,4.353941730158784,4.647730837945956,4.6872093237582835,0.6585048757507772
3509,9.607118412046544,2036-03-23,4.355111102390742,4.354693349375128,4.649556488638526,4.689072870510976,0.6579099202190871
3516,9.626283367556468,2036-03-30,4.355827724619089,4.355444968591472,4.651384612004981,4.690938927625344,0.6573152687295887
3523,9.645448323066393,2036-04-06,4.356545184389101,4.356196587807816,4.653215207601222,4.692807495136351,0.6567209211140453
3530,9.664613278576317,2036-04-13,4.357263481689048,4.3569482070241605,4.6550482756492775,4.694678573078781,0.6561268772049054
3537,9.683778234086242,2036-04-20,4.357982616507288,4.357699826240505,4.656883815927093,4.696552161488121,0.6555331368353009
3544,9.702943189596168,2036-04-27,4.358702588832269,4.358451445456849,4.658721828656694,4.698428260399334,0.6549396998390464
3551,9.722108145106091,2036-05-04,4.359423398652536,4.359203064673193,4.660562313838071,4.700306869847821,0.6543465660506379
3558,9.741273100616016,2036-05-11,4.360145045956719,4.359954683889537,4.662405271249166,4.702187989868715,0.6537537353052508
3565,9.760438056125942,2036-05-18,4.360867530733544,4.360706303105881,4.66425070133405,4.7040716204972455,0.6531612074387395
3572,9.779603011635865,2036-05-25,4.361590852971816,4.361457922322225,4.666098603426582,4.705957737556264,0.6525689822876359
3579,9.79876796714579,2036-06-01,4.362315012660434,4.3622095415385695,4.667948977970832,4.707845910169954,0.6519770596891482
3586,9.817932922655714,2036-06-08,4.363040009788383,4.362961160754914,4.66980182496679,4.70973536998801,0.6513854394811592
3593,9.83709787816564,2036-06-15,4.363765844344733,4.363712779971258,4.671657143970352,4.711625338430769,0.6507941215022256
3600,9.856262833675565,2036-06-22,4.3644925163186405,4.364464399187602,4.6735149358696795,4.713515036903986,0.6502031055915765
3607,9.875427789185489,2036-06-29,4.365220025699342,4.365216018403946,4.675375199776585,4.71540368679831,0.6496123915891121
3614,9.894592744695414,2036-07-06,4.365948372476164,4.36596763762029,4.677237936357185,4.717290509490068,0.6490219793354026
3621,9.91375770020534,2036-07-13,4.366677556638508,4.366719256836634,4.679103145167379,4.719174726341008,0.6484318686716872
3628,9.932922655715263,2036-07-20,4.367407578175862,4.367470876052979,4.680970826207153,4.7210555586980325,0.647842059439872
3635,9.952087611225188,2036-07-27,4.368138437077794,4.368222495269323,4.682840979920579,4.722932227893637,0.6472525514825298
3642,9.971252566735114,2036-08-03,4.368870133333953,4.368974114485667,4.684713605863558,4.724803955245385,0.6466633446428978
3649,9.990417522245037,2036-08-10,4.369602666934067,4.369725733702011,4.686588704036074,4.72666996205731,0.6460744387648774
3656,10.009582477754963,2036-08-17,4.370336037867941,4.370477352918355,4.688466274660159,4.72852946961834,0.6454858336930321
3663,10.028747433264886,2036-08-24,4.37107024552276,4.371217772908497,4.690344684605388,4.730381723417645,0.6448975293115935
3670,10.047912388774812,2036-08-31,4.371805279186225,4.371956326360938,4.692216482977956,4.732226375653968,0.6443095261598981
3677,10.067077344284737,2036-09-07,4.372541119859476,4.37269487981338,4.694080750961636,4.73406341600642,0.6437218253180711
3684,10.08624229979466,2036-09-14,4.373277748435235,4.373433433265821,4.695937488556472,4.735892844370207,0.6431344278787979
3691,10.105407255304586,2036-09-21,4.374015145951169,4.374171986718262,4.69778669598455,4.737714660640884,0.6425473349308586
3698,10.124572210814511,2036-09-28,4.374753293588524,4.374910540170704,4.6996283732459085,4.739528864714535,0.641960547559132
3705,10.143737166324435,2036-10-05,4.375492172670768,4.375649093623145,4.7014625201185485,4.741335456487593,0.6413740668446005
3712,10.16290212183436,2036-10-12,4.376231764662243,4.376387647075586,4.703289136824556,4.743134435856932,0.6407878938643549
3719,10.182067077344286,2036-10-19,4.37697205116685,4.377126200528027,4.705108223363969,4.744925802719692,0.6402020296915987
3726,10.20123203285421,2036-10-26,4.37771301392673,4.377864753980468,4.706919779292742,4.746709556973886,0.6396164753956536
3733,10.220396988364135,2036-11-02,4.378454634820967,4.378603307432909,4.7087238052770495,4.748485698517529,0.6390312320419637
3740,10.239561943874058,2036-11-09,4.379196895864316,4.379341860885351,4.710520300650799,4.750254227249076,0.6384463006921
3747,10.258726899383984,2036-11-16,4.379939779205923,4.380080414337792,4.712309265858119,4.752015143067951,0.6378616824037662
3754,10.277891854893909,2036-11-23,4.38068326712808,4.380818967790233,4.71409070089905,4.753768445873398,0.6372773782308024
3761,10.297056810403832,2036-11-30,4.381427342044991,4.381557521242675,4.7158646055515865,4.755514135565188,0.6366933892231905
3768,10.316221765913758,2036-12-07,4.382171986501527,4.382296074695116,4.71763098025986,4.757252212044061,0.6361097164270593
3775,10.335386721423683,2036-12-14,4.382917183172041,4.383034628147557,4.719389824357776,4.758982675210404,0.6355263608846884
3782,10.354551676933607,2036-12-21,4.383662914859145,4.383773181599999,4.721141138289464,4.760705524965571,0.6349433236345142
3789,10.373716632443532,2036-12-28,4.384409164492546,4.384511735052439,4.722884922054961,4.762420761211442,0.6343606057111342
3796,10.392881587953456,2037-01-04,4.385155915127855,4.3852502885048805,4.724621175432264,4.76412838384981,0.6337782081453117
3803,10.412046543463381,2037-01-11,4.3859031499454515,4.385988841957322,4.726349898643456,4.765828392783171,0.6331961319639813
3810,10.431211498973306,2037-01-18,4.386650852249308,4.386727395409763,4.728071091466533,4.767520787914725,0.6326143781902536
3817,10.45037645448323,2037-01-25,4.387399005465883,4.3874659488622045,4.729784753679491,4.769205569147666,0.6320329478434198
3824,10.469541409993155,2037-02-01,4.388147593142986,4.388204502314646,4.73149088617054,4.770882736385811,0.6314518419389575
3831,10.48870636550308,2037-02-08,4.388896598948672,4.388943055767087,4.73318948827359,4.7725522895335875,0.630871061488535
3838,10.507871321013004,2037-02-15,4.389646006670145,4.3896816092195285,4.734880559988678,4.774214228495509,0.6302906075000163
3845,10.52703627652293,2037-02-22,4.390395800212675,4.39042016267197,4.736564101537887,4.775868553176798,0.6297104809774667
3852,10.546201232032855,2037-03-01,4.391145963598523,4.39115871612441,4.738240112699212,4.777515263483021,0.6291306829211575
3859,10.565366187542779,2037-03-08,4.391896480965882,4.391897269576852,4.739908593694733,4.779154359320013,0.6285512143275706
3866,10.584531143052704,2037-03-15,4.392647336567824,4.392635823029293,4.741569544080401,4.780785840594399,0.6279720761894046
3873,10.603696098562628,2037-03-22,4.393398514771262,4.393374376481734,4.743222964522385,4.782409707212977,0.6273932694955793
3880,10.622861054072553,2037-03-29,4.394150000055933,4.394112929934176,4.744868854798677,4.784025959082988,0.6268147952312403
3887,10.642026009582478,2037-04-05,4.394901777013366,4.394851483386617,4.74650721446523,4.785634596112197,0.6262366543777653
3894,10.661190965092402,2037-04-12,4.395653830345888,4.395590036839058,4.7481380444102514,4.787235618208896,0.6256588479127685
3901,10.680355920602327,2037-04-19,4.39640614486563,4.3963285902915,4.749761343523564,4.788829025281381,0.6250813768101056
3908,10.699520876112253,2037-04-26,4.397158705493539,4.397067143743941,4.751377112693376,4.790414817238909,0.6245042420398793
3915,10.718685831622176,2037-05-03,4.397911497258404,4.3978056971963815,4.752985351697681,4.791992993991004,0.623927444568445
3922,10.737850787132102,2037-05-10,4.398664505295903,4.398544250648823,4.7545860600924295,4.793563555447452,0.6233509853584146
3929,10.757015742642025,2037-05-17,4.39941771484764,4.399282804101264,4.7561792380996994,4.795126501518567,0.6227748653686631
3936,10.77618069815195,2037-05-24,4.400171111260207,4.4000213575537055,4.7577648859415715,4.796681832115189,0.6221990855543333
3943,10.795345653661876,2037-05-31,4.4009246799842545,4.400759911006147,4.759343003840125,4.79822954714851,0.6216236468668409
3950,10.8145106091718,2037-06-07,4.40167840657357,4.401498464458588,4.760913591129265,4.799769646530073,0.6210485502538798
3957,10.833675564681725,2037-06-14,4.402432276684158,4.4022370179110295,4.762476648475157,4.801302130172213,0.6204737966594279
3964,10.85284052019165,2037-06-21,4.403186276073347,4.402975571363471,4.764032175211706,4.802826997987175,0.6198993870237516
3971,10.872005475701574,2037-06-28,4.403940390598891,4.403714124815912,4.765580171783033,4.804344249887996,0.6193253222834115
3978,10.8911704312115,2037-07-05,4.404694606218088,4.4044526782683535,4.7671206381891755,4.805853885788065,0.618751603371268
3985,10.910335386721425,2037-07-12,4.405448908986902,4.405191231720794,4.768653574208123,4.807355905601207,0.6181782312164862
3992,10.929500342231348,2037-07-19,4.406203285059103,4.405929785173235,4.770178980061955,4.808850309241777,0.6176052067445414
3999,10.948665297741274,2037-07-26,4.406957720685412,4.406668338625677,4.771696855528661,4.810337096624217,0.6170325308772245
4006,10.967830253251197,2037-08-02,4.407712202212643,4.407406892078118,4.773207201052363,4.811816267663761,0.6164602045326473
4013,10.986995208761122,2037-08-09,4.4084667160828825,4.408145445530559,4.77471001574492,4.813287822275991,0.6158882286252478
4020,11.006160164271048,2037-08-16,4.409221248832641,4.408883998983001,4.776205300494542,4.8147517603768435,0.6153166040657962
4027,11.025325119780971,2037-08-23,4.409975787092047,4.4096154891259545,4.777693054857175,4.816208081882781,0.6147453317613996
4034,11.044490075290897,2037-08-30,4.410730317584028,4.410344153945114,4.779173279276938,4.817656786710706,0.6141744126155075
4041,11.063655030800822,2037-09-06,4.411484827123505,4.411072818764273,4.7806459730877355,4.819097874777781,0.6136038475279179
4048,11.082819986310746,2037-09-13,4.412239302616608,4.411801483583432,4.782111136733689,4.820531346001877,0.6130336373947818
4055,11.101984941820671,2037-09-20,4.412993731059873,4.412530148402591,4.783568769992785,4.821957200301035,0.6124637831086096
4062,11.121149897330595,2037-09-27,4.413748099539474,4.41325881322175,4.785018873087102,4.823375437593914,0.6118942855582762
4069,11.14031485284052,2037-10-04,4.414502395230449,4.413987478040909,4.786461445794629,4.824786057799526,0.6113251456290261
4076,11.159479808350445,2037-10-11,4.415256605395938,4.414716142860068,4.7878964883374415,4.826189060837318,0.6107563642024795
4083,11.178644763860369,2037-10-18,4.416010717386425,4.415444807679227,4.789324000493529,4.827584446627266,0.6101879421566377
4090,11.197809719370294,2037-10-25,4.416764718638989,4.416173472498387,4.790743982707011,4.828972215089522,0.6096198803658887
4097,11.21697467488022,2037-11-01,4.417518596676573,4.416902137317545,4.792156434533832,4.830352366145029,0.609052179701012
4104,11.236139630390143,2037-11-08,4.418272339107244,4.417630802136705,4.79356135575198,4.831724899715081,0.6084848410291855
4111,11.255304585900069,2037-11-15,4.4190259336234705,4.418359466955864,4.794958747027618,4.83308981572097,0.6079178652139899
4118,11.274469541409994,2037-11-22,4.419779368001402,4.419088131775022,4.796348607916691,4.834447114085134,0.607351253115415
4125,11.293634496919918,2037-11-29,4.420532630100171,4.419816796594182,4.797730938419229,4.835796794729743,0.6067850055898647
4132,11.312799452429843,2037-12-06,4.421285707861167,4.420545461413341,4.799105738757308,4.837138857578024,0.6062191234901634
4139,11.331964407939767,2037-12-13,4.422038589307369,4.4212741262325,4.800473008930958,4.838473302553292,0.6056536076655608
4146,11.351129363449692,2037-12-20,4.422791262542632,4.422002791051659,4.801832748718168,4.8398001295793,0.6050884589617381
4153,11.370294318959617,2037-12-27,4.423543715751025,4.422731455870818,4.803184958563053,4.841119338580327,0.6045236782208137
4160,11.38945927446954,2038-01-03,4.424295937196141,4.4234601206899775,4.804529637577472,4.842430929480918,0.603959266281348
4167,11.408624229979466,2038-01-10,4.425047915220438,4.424188785509136,4.805866786649629,4.843734902206408,0.6033952239783504
4174,11.427789185489392,2038-01-17,4.425799638244574,4.424917450328295,4.807196405335466,4.845031256682217,0.6028315521432839
4181,11.446954140999315,2038-01-24,4.426551094766754,4.425646115147455,4.808518493857058,4.846319992834385,0.6022682516040714
4188,11.46611909650924,2038-01-31,4.427302273362082,4.426374779966614,4.80983305199239,4.847601110589299,0.601705323185101
4195,11.485284052019164,2038-02-07,4.428053162681919,4.4271034447857724,4.811140079963537,4.848874609873699,0.6011427677072319
4202,11.50444900752909,2038-02-14,4.428803751453243,4.427832109604932,4.812439577770527,4.850140490615204,0.6005805859878005
4209,11.523613963039015,2038-02-21,4.429554028478034,4.428560774424091,4.813731545191345,4.851398752741256,0.6000187788406254
4216,11.542778918548938,2038-02-28,4.43030398263263,4.42928943924325,4.815015982003979,4.852649396180088,0.5994573470760138
4223,11.561943874058864,2038-03-07,4.431053602867135,4.430018104062409,4.816292889096631,4.853892420860286,0.5988962915007668
4230,11.58110882956879,2038-03-14,4.431802878204789,4.430746768881568,4.817562265581156,4.8551278267109605,0.5983356129181856
4237,11.600273785078713,2038-03-21,4.432551797741373,4.431475433700728,4.8188241119016695,4.856355613661486,0.5977753121280769
4244,11.619438740588638,2038-03-28,4.433300350644612,4.432204098519886,4.820078428058199,4.85757578164159,0.5972153899267588
4251,11.638603696098563,2038-04-04,4.434048526153569,4.432932763339045,4.821325213606688,4.858788330582142,0.5966558471070672
4258,11.657768651608487,2038-04-11,4.434796313578089,4.433661428158205,4.822564469213293,4.859993260413393,0.5960966844583603
4265,11.676933607118412,2038-04-18,4.435543702298179,4.434390092977363,4.823796194211913,4.861190571066653,0.5955379027665257
4272,11.696098562628336,2038-04-25,4.436290681763464,4.4351187577965225,4.825020389490749,4.862380262473756,0.5949795028139858
4279,11.715263518138261,2038-05-02,4.437037241492603,4.435847422615682,4.8262370541616555,4.863562334566624,0.5944214853797033
4286,11.734428473648187,2038-05-09,4.437783371072728,4.436576087434841,4.827446188446703,4.864736787277796,0.5938638512391876
4293,11.75359342915811,2038-05-16,4.438529060158887,4.437304752254,4.828647792567962,4.865903620540159,0.5933066011645003
4300,11.772758384668036,2038-05-23,4.439274298473492,4.438033417073159,4.829841866303417,4.867062834287218,0.5927497359242612
4307,11.791923340177961,2038-05-30,4.4400190758057665,4.438762081892318,4.831028409875136,4.868214428452739,0.5921932562836544
4314,11.811088295687885,2038-06-06,4.440763382011209,4.439490746711477,4.832207423283149,4.8693584029709305,0.5916371630044337
4321,11.83025325119781,2038-06-13,4.441507207011058,4.440219411530636,4.833378906305439,4.870494757776349,0.5910814568449289
4328,11.849418206707734,2038-06-20,4.442250540791746,4.4409480763497955,4.834542859164073,4.871623492804343,0.5905261385600518
4335,11.868583162217659,2038-06-27,4.442993373404396,4.441676741168955,4.835699281414993,4.872744607990524,0.5899712089013017
4342,11.887748117727584,2038-07-04,4.443735694964279,4.442405405988113,4.836848173724354,4.873858103270591,0.5894166686167716
4349,11.906913073237508,2038-07-11,4.444477495650314,4.443134070807273,4.837989535648096,4.8749639785811265,0.5888625184511541
4356,11.926078028747433,2038-07-18,4.445218765704538,4.443862735626432,4.839123367408288,4.876062233859056,0.5883087591457478
4363,11.945242984257359,2038-07-25,4.445959495431622,4.44459140044559,4.840249668782913,4.877152869041573,0.5877553914384621
4370,11.964407939767282,2038-08-01,4.446699675198353,4.44532006526475,4.841368439994037,4.878235884066311,0.5872024160638243
4377,11.983572895277208,2038-08-08,4.447439295433143,4.446048730083909,4.842479680819645,4.8793112788716035,0.5866498337529854
4384,12.002737850787133,2038-08-15,4.448178346625535,4.4467773949030684,4.843583391259761,4.880379053395964,0.5860976452337255
4391,12.021902806297057,2038-08-22,4.44891681932572,4.447474960965208,4.844679571758497,4.881439207578428,0.5855458512304603
4398,12.041067761806982,2038-08-29,4.44965470414405,4.448149202959582,4.84576822187179,4.882491741358472,0.584994452464247
4405,12.060232717316905,2038-09-05,4.450391991750559,4.448823444953957,4.846849341599666,4.883536654676101,0.5844434496527904
4412,12.07939767282683,2038-09-12,4.451128672874497,4.449497686948332,4.847922931164192,4.884573947471496,0.5838928435104486
4419,12.098562628336756,2038-09-19,4.451864738303853,4.450171928942707,4.848988990343347,4.885603619685538,0.5833426347482393
4426,12.11772758384668,2038-09-26,4.452600178884893,4.450846170937082,4.850047519359202,4.886625671259373,0.5827928240738459
4433,12.136892539356605,2038-10-03,4.453334985521702,4.4515204129314565,4.85109851821178,4.887640102134762,0.5822434121916235
4440,12.15605749486653,2038-10-10,4.454069149175727,4.452194654925831,4.85214198667906,4.888646912253555,0.5816943998026045
4447,12.175222450376454,2038-10-17,4.454802660865325,4.452868896920206,4.853177924761065,4.889646101558301,0.5811457876045055
4454,12.19438740588638,2038-10-24,4.455535511665311,4.453543138914581,4.854206332457821,4.890637669992255,0.5805975762917329
4461,12.213552361396303,2038-10-31,4.456267692706527,4.454217380908956,4.855227210213435,4.8916216174984966,0.5800497665553886
4468,12.232717316906228,2038-11-07,4.456999195175395,4.454891622903331,4.856240557583848,4.892597944020983,0.579502359083277
4475,12.251882272416154,2038-11-14,4.457730010313477,4.4555658648977055,4.857246374791121,4.893566649503844,0.5789553545599102
4482,12.271047227926077,2038-11-21,4.458460129417059,4.45624010689208,4.8582446613911925,4.894527733891918,0.5784087536665148
4489,12.290212183436003,2038-11-28,4.459189543836713,4.456914348886455,4.859235418050215,4.895481197130215,0.5778625570810373
4496,12.309377138945928,2038-12-05,4.459918244976875,4.45758859088083,4.8602186443241235,4.896427039164272,0.577316765478151
4503,12.328542094455852,2038-12-12,4.460646224295432,4.458262832875205,4.861194340212942,4.897365259940242,0.5767713795292618
4510,12.347707049965777,2038-12-19,4.461373473303302,4.45893707486958,4.862162505938733,4.898295859404368,0.576226399902514
4517,12.366872005475702,2038-12-26,4.46209998356403,4.459611316863954,4.8631231415015215,4.89921883750368,0.5756818272627967
4524,12.386036960985626,2039-01-02,4.462825746693368,4.460285558858329,4.864076246679283,4.900134194185385,0.5751376622717502
4531,12.405201916495551,2039-01-09,4.463550754358888,4.460959800852704,4.86502182147204,4.901041929397129,0.5745939055877719
4538,12.424366872005475,2039-01-16,4.464274998279566,4.461634042847079,4.865959866101859,4.901942043087174,0.5740505578660223
4545,12.4435318275154,2039-01-23,4.4649984702253995,4.462308284841454,4.866890380346716,4.902834535204308,0.5735076197584315
4552,12.462696783025326,2039-01-30,4.4657211620170125,4.4629825268358285,4.867813364650719,4.903719405697318,0.5729650919137049
4559,12.48186173853525,2039-02-06,4.466443065525256,4.463656768830203,4.868728818569802,4.904596654515609,0.5724229749773302
4566,12.501026694045175,2039-02-13,4.467164172670836,4.464331010824578,4.869636741881943,4.905466281609374,0.5718812695915828
4573,12.5201916495551,2039-02-20,4.467884475423929,4.465005252818952,4.870537135031248,4.9063282869287175,0.5713399763955324
4580,12.539356605065024,2039-02-27,4.468603965803799,4.465679494813327,4.871429998239783,4.907182670424625,0.5707990960250487
4587,12.558521560574949,2039-03-06,4.469322635878427,4.466353736807702,4.8723153308414355,4.908029432048081,0.5702586291128086
4594,12.577686516084873,2039-03-13,4.470040477764142,4.467027978802077,4.873193133502357,4.908868571751036,0.5697185762883012
4601,12.596851471594798,2039-03-20,4.470757483625241,4.467702220796451,4.874063405778481,4.9097000894853515,0.5691789381778352
4608,12.616016427104723,2039-03-27,4.471473645673647,4.468376462790826,4.874926147447782,4.910523985203419,0.5686397154045438
4615,12.635181382614647,2039-04-03,4.472188956168522,4.469050704785201,4.875781359176411,4.911340258858505,0.5681009085883925
4622,12.654346338124572,2039-04-10,4.472903407415928,4.469724946779576,4.8766290405203,4.912148910403879,0.5675625183461839
4629,12.673511293634498,2039-04-17,4.473616991768465,4.470399188773951,4.877469191701513,4.912949939793335,0.5670245452915649
4636,12.692676249144421,2039-04-24,4.474329701624927,4.4710734307683255,4.878301812498022,4.913743346981109,0.566486990035032
4643,12.711841204654347,2039-05-01,4.475041529429939,4.4717476727627,4.879126903131894,4.9145291319218725,0.565949853183939
4650,12.731006160164272,2039-05-08,4.475752467673623,4.472421914757075,4.879944463159057,4.915307294571003,0.5654131353425018
4657,12.750171115674195,2039-05-15,4.476462508891257,4.47309615675145,4.880754493467706,4.916077834883701,0.5648768371118055
4664,12.76933607118412,2039-05-22,4.477171645662926,4.473770398745825,4.881556993169682,4.916840752816311,0.5643409590898104
4671,12.788501026694044,2039-05-29,4.477879870613205,4.4744446407402,4.8823519627090946,4.917596048324997,0.5638055018713581
4678,12.80766598220397,2039-06-05,4.478587176410801,4.4751188827345745,4.883139402085958,4.9183437213668055,0.5632704660481785
4685,12.826830937713895,2039-06-12,4.479293555768248,4.475793124728949,4.883919311078248,4.919083771898957,0.562735852208895
4692,12.845995893223819,2039-06-19,4.47999900144156,4.476467366723324,4.8846916894639385,4.9198161998792,0.5622016609390317
4699,12.865160848733744,2039-06-26,4.480703506229919,4.477141608717699,4.885456537909177,4.920541005265811,0.5616678928210194
4706,12.88432580424367,2039-07-03,4.4814070629753555,4.477815850712074,4.8862138559698955,4.921258188017151,0.5611345484342014
4713,12.903490759753593,2039-07-10,4.482109664562418,4.478490092706449,4.886963643868152,4.92196774809255,0.5606016283548411
4720,12.922655715263518,2039-07-17,4.482811303917867,4.479164334700823,4.887705901603965,4.922669685451426,0.5600691331561267
4727,12.941820670773442,2039-07-24,4.483511974010368,4.479838576695198,4.888440628511223,4.923364000053546,0.5595370634081784
4734,12.960985626283367,2039-07-31,4.484211667850165,4.480512818689573,4.889167825700155,4.924050691859557,0.5590054196780553
4741,12.980150581793293,2039-08-07,4.484910378488787,4.481187060683948,4.88988749250465,4.924729760829843,0.55847420252976
4748,12.999315537303216,2039-08-14,4.485608099018742,4.481861302678323,4.890599629368811,4.925401206925929,0.5579434125242467
4755,13.018480492813142,2039-08-21,4.486304822573208,4.4825355446726975,4.891304235182437,4.926065030109339,0.5574130502194266
4762,13.037645448323067,2039-08-28,4.487000542325741,4.483209786667072,4.892001311055761,4.926721230342304,0.5568831161701743
4769,13.05681040383299,2039-09-04,4.48769525148998,4.483884028661447,4.892690856766755,4.927369807587314,0.5563536109283344
4776,13.075975359342916,2039-09-11,4.488388943319347,4.484558270655822,4.893372872537477,4.928010761807211,0.5558245350427276
4783,13.095140314852841,2039-09-18,4.489081611106757,4.485232512650197,4.894047357479771,4.928644092965453,0.5552958890591573
4790,13.114305270362765,2039-09-25,4.4897732481843375,4.485906754644572,4.894714312481825,4.929269801025939,0.5547676735204157
4797,13.13347022587269,2039-10-02,4.490463847923128,4.4865809966389465,4.895373737099566,4.929887885952827,0.5542398889662904
4804,13.152635181382614,2039-10-09,4.491153403732813,4.487255238633321,4.896025631110967,4.930498347710981,0.5537125359335705
4811,13.17180013689254,2039-10-16,4.491841909061427,4.487929480627696,4.8966699951821715,4.931101186265441,0.5531856149560531
4818,13.190965092402465,2039-10-23,4.492529357395085,4.488603722622071,4.897306829091152,4.931696401581773,0.5526591265645497
4825,13.210130047912388,2039-10-30,4.493215742257701,4.489277964616446,4.897936132393835,4.932283993625981,0.5521330712868926
4832,13.229295003422314,2039-11-06,4.493901057210712,4.489952206610821,4.898557905756367,4.932863962364598,0.5516074496479412
4839,13.248459958932239,2039-11-13,4.494585295852819,4.490626448605195,4.8991721487346735,4.933436307764419,0.5510822621695882
4846,13.267624914442163,2039-11-20,4.4952684518197055,4.49130069059957,4.899778861550812,4.934001029792856,0.5505575093707664
4853,13.286789869952088,2039-11-27,4.495950518783772,4.491974932593945,4.9003780439827525,4.934558128417494,0.5500331917674547
4860,13.305954825462011,2039-12-04,4.496631490453877,4.49264917458832,4.900969696252552,4.935107603606711,0.5495093098726848
4867,13.325119780971937,2039-12-11,4.497311360575073,4.493323416582695,4.901553818138182,4.935649455328972,0.5489858641965472
4874,13.344284736481862,2039-12-18,4.497990122928345,4.49399765857707,4.902130409639653,4.936183683553443,0.548462855246198
4881,13.363449691991786,2039-12-25,4.498667771330351,4.494671900571444,4.902699470979024,4.936710288249643,0.5479402835258652
4888,13.382614647501711,2040-01-01,4.499344299633172,4.495346142565819,4.903261002156307,4.937229269387444,0.547418149536855
4895,13.401779603011637,2040-01-08,4.500019701724055,4.496020384560194,4.90381500294947,4.937740626937067,0.5468964537775579
4902,13.42094455852156,2040-01-15,4.500693971525164,4.496694626554569,4.904361473358527,4.938244360869612,0.5463751967434559
4909,13.440109514031485,2040-01-22,4.501367102993329,4.497368868548944,4.904900413605533,4.93874047115609,0.5458543789271282
4916,13.45927446954141,2040-01-29,4.502039090119797,4.4980431105433185,4.905431823468458,4.939228957768218,0.5453340008182579
4923,13.478439425051334,2040-02-05,4.5027099269299935,4.498717352537693,4.905955703169355,4.939709820678147,0.5448140629036384
4930,13.49760438056126,2040-02-12,4.5033796074832795,4.499391594532068,4.906472052708239,4.940183059858474,0.5442945656671798
4937,13.516769336071183,2040-02-19,4.504048125872701,4.500065836526442,4.906980872085119,4.940648675282054,0.5437755095899153
4944,13.535934291581109,2040-02-26,4.504715476224764,4.500740078520817,4.9074821608559205,4.941106666922183,0.5432568951500074
4951,13.555099247091034,2040-03-04,4.505381652699188,4.501414320515192,4.907975919464742,4.9415570347530355,0.542738722822755
4958,13.574264202600958,2040-03-11,4.506046649488674,4.502088562509567,4.908462147911595,4.941999778748699,0.5422209930805992
4965,13.593429158110883,2040-03-18,4.506710460818678,4.502762804503941,4.9089408459744455,4.942434898883962,0.5417037063931298
4972,13.612594113620808,2040-03-25,4.507373080947175,4.503437046498316,4.909412013875349,4.942862395133791,0.5411868632270918
4979,13.631759069130732,2040-04-01,4.5080345041644225,4.504111288492691,4.909875651614317,4.943282267474027,0.5406704640463921
4986,13.650924024640657,2040-04-08,4.508694724792753,4.504785530487066,4.910331758525228,4.943694515880603,0.5401545093121056
4993,13.670088980150581,2040-04-15,4.509353737186332,4.505459772481441,4.910780335496266,4.9440991403298025,0.5396389994824817
5000,13.689253935660506,2040-04-22,4.510011535730948,4.5061340144758155,4.911221382305399,4.944496140798785,0.5391239350129509
5007,13.708418891170432,2040-04-29,4.5106681148437735,4.50680825647019,4.911654898952636,4.944885517264888,0.5386093163561311
5014,13.727583846680355,2040-05-06,4.511323468973172,4.507482498464565,4.9120808852159445,4.945267269705624,0.5380951439618339
5021,13.74674880219028,2040-05-13,4.511977592598454,4.50815674045894,4.912499340873289,4.945641398099296,0.5375814182770714
5028,13.765913757700206,2040-05-20,4.512630480229682,4.508830982453315,4.912910266368766,4.946007902424646,0.5370681397460624
5035,13.78507871321013,2040-05-27,4.513282126407444,4.50950522444769,4.913313662146473,4.9463667826606805,0.5365553088102389
5042,13.804243668720055,2040-06-03,4.513932525702648,4.5101794664420645,4.913709527096202,4.946718038786844,0.5360429259082525
5049,13.82340862422998,2040-06-10,4.514581672716308,4.510853708436439,4.91409786188409,4.947061670783196,0.5355309914759812
5056,13.842573579739904,2040-06-17,4.51522956207934,4.511527950430814,4.9144786662881055,4.947397678629974,0.5350195059465349
5063,13.86173853524983,2040-06-24,4.51587618845235,4.512202192425189,4.914851940752341,4.947726062308026,0.5345084697502632
5070,13.880903490759753,2040-07-01,4.516521546525433,4.512876434419564,4.915217684610677,4.94804682179873,0.5339978833147608
5077,13.900068446269678,2040-07-08,4.517165631017971,4.513550676413939,4.91557589852925,4.948359957083641,0.5334877470648743
5084,13.919233401779604,2040-07-15,4.517808436678421,4.514224918408313,4.915926582063983,4.948665468145013,0.5329780614227091
5091,13.938398357289527,2040-07-22,4.518449958284135,4.514899160402688,4.9162697352148825,4.948963354965191,0.5324688268076345
5098,13.957563312799453,2040-07-29,4.519090190641139,4.515573402397063,4.916605357981957,4.949253617527397,0.5319600436362921
5105,13.976728268309378,2040-08-05,4.519729128583952,4.516247644391438,4.916933450809301,4.949536255814852,0.5314517123226007
5112,13.995893223819301,2040-08-12,4.520366766975384,4.516921886385813,4.917254013252835,4.949811269811571,0.5309438332777634
5119,14.015058179329227,2040-08-19,4.521003100706348,4.5175961283801875,4.9175670450905224,4.950078659501565,0.5304364069102738
5126,14.03422313483915,2040-08-26,4.521638124695659,4.518270370374562,4.9178725472105445,4.950338424869989,0.529929433625923
5133,14.053388090349076,2040-09-02,4.522271833889855,4.518944612368937,4.918170518724734,4.950590565901735,0.5294229138278054
5140,14.072553045859001,2040-09-09,4.522904223262998,4.519618854363312,4.9184609598551425,4.9508350825825715,0.5289168479163254
5147,14.091718001368925,2040-09-16,4.523535287816494,4.520293096357687,4.9187438708238185,4.9510719748982694,0.5284112362892042
5154,14.11088295687885,2040-09-23,4.524165022578904,4.520967338352062,4.919019251852812,4.951301242835652,0.5279060793414856
5161,14.130047912388775,2040-09-30,4.524793422605764,4.5216415803464365,4.919287102275998,4.951522886381278,0.527401377465543
5168,14.149212867898699,2040-10-07,4.52542048297939,4.522315822340811,4.919547422759515,4.951736905522589,0.5268971310510858
5175,14.168377823408624,2040-10-14,4.526046198808715,4.522990064335186,4.919800212637238,4.9519433002476365,0.5263933404851657
5182,14.18754277891855,2040-10-21,4.526670565229097,4.523664306329561,4.920045472131214,4.95214207054421,0.5258900061521831
5189,14.206707734428473,2040-10-28,4.527293577402142,4.524338548323936,4.920283201685538,4.952333216401331,0.5253871284338937
5196,14.225872689938399,2040-11-04,4.527915230515528,4.525012790318311,4.9205134008561275,4.95251673780793,0.5248847077094152
5203,14.245037645448322,2040-11-11,4.528535519782835,4.525687032312685,4.920736069865031,4.952692634753466,0.5243827443552332
5210,14.264202600958248,2040-11-18,4.529154440443362,4.52636127430706,4.920951208268167,4.952860907228014,0.5238812387452083
5217,14.283367556468173,2040-11-25,4.529771987761965,4.527035516301435,4.921158816731671,4.953021555221823,0.5233801912505818
5224,14.302532511978097,2040-12-02,4.530388157028873,4.52770975829581,4.921358894589416,4.953174578725844,0.522879602239983
5231,14.321697467488022,2040-12-09,4.531002943559529,4.528384000290185,4.921551442507539,4.953319977731208,0.522379472079435
5238,14.340862422997947,2040-12-16,4.531616342694416,4.5290582422845596,4.921736459819911,4.953457752229919,0.5218798011323618
5245,14.360027378507871,2040-12-23,4.532228349798893,4.529732484278934,4.92191394719267,4.9535879022137195,0.5213805897595939
5252,14.379192334017796,2040-12-30,4.532838960263025,4.530406726273309,4.922083904181731,4.953710427675408,0.5208818383193757
5259,14.39835728952772,2041-01-06,4.533448169501424,4.531080968267684,4.922246330787098,4.953825328607957,0.5203835471673712
5266,14.417522245037645,2041-01-13,4.534055972953084,4.531755210262059,4.922401227230818,4.953932605004602,0.5198857166566709
5273,14.43668720054757,2041-01-20,4.534662366081213,4.532429452256434,4.922548593290851,4.954032256859545,0.5193883471377984
5280,14.455852156057494,2041-01-27,4.535267344373083,4.5331036942508085,4.922688429189245,4.954124284166815,0.5188914389587159
5287,14.47501711156742,2041-02-03,4.5358709033398625,4.533777936245183,4.922820734926003,4.954208686921403,0.5183949924648322
5294,14.494182067077345,2041-02-10,4.536473038516463,4.534452178239558,4.922945510279083,4.95428546511839,0.5178990079990078
5301,14.513347022587268,2041-02-17,4.537073745461378,4.535126420233933,4.923062755470532,4.954354618753295,0.517403485901562
5308,14.532511978097194,2041-02-24,4.537673019756538,4.535800662228307,4.923172470056267,4.954416147822256,0.5169084265102792
5315,14.55167693360712,2041-03-03,4.538270857007136,4.536474904222682,4.923274654702419,4.954470052321758,0.5164138301604156
5322,14.570841889117043,2041-03-10,4.538867252841496,4.537149146217057,4.9233693089649035,4.954516332248813,0.5159196971847052
5329,14.590006844626968,2041-03-17,4.539462202910912,4.537823388211431,4.923456432843724,4.954554987600436,0.5154260279133663
5336,14.609171800136892,2041-03-24,4.540055702889494,4.538497630205806,4.923536026560925,4.95458601837487,0.5149328226741089
5343,14.628336755646817,2041-03-31,4.5406477484740195,4.539171872200181,4.92360809011651,4.954609424570093,0.5144400817921396
5350,14.647501711156742,2041-04-07,4.5412383353837935,4.539846114194556,4.92367262306639,4.954625206184614,0.5139478055901693
5357,14.666666666666666,2041-04-14,4.541827459360491,4.540520356188931,4.923729626298743,4.954633363217993,0.5134559943884192
5364,14.685831622176591,2041-04-21,4.5424151161680175,4.5411945981833055,4.923779098703353,4.954633895669526,0.512964648504627
5371,14.704996577686517,2041-04-28,4.543001301592362,4.54186884017768,4.9238210409463505,4.954626803538951,0.5124737682540538
5378,14.72416153319644,2041-05-05,4.5435860114414535,4.542543082172055,4.923855453027738,4.954612086827058,0.5119833539494902
5385,14.743326488706366,2041-05-12,4.544169241545017,4.54321732416643,4.923882334947514,4.954589745534286,0.5114934059012631
5392,14.76249144421629,2041-05-19,4.544750987754432,4.543891566160805,4.923901686705681,4.954559779662304,0.511003924417242
5399,14.781656399726215,2041-05-26,4.545331245942597,4.54456580815518,4.923913507858151,4.954522192477511,0.5105149098028448
5406,14.80082135523614,2041-06-02,4.545910012003785,4.5452400501495545,4.923917798626969,4.954477042087447,0.5100263623610454
5413,14.819986310746064,2041-06-09,4.546487281853505,4.545914292143929,4.923914559456223,4.9544244321048785,0.5095382823923793
5420,14.839151266255989,2041-06-16,4.547063051428368,4.546588534138304,4.923903789901822,4.954364467519933,0.5090506701949504
5427,14.858316221765914,2041-06-23,4.54763731668595,4.547262776132679,4.923885490185813,4.954297253323527,0.5085635260644372
5434,14.877481177275838,2041-06-30,4.548210073604659,4.547937018127054,4.923859660086151,4.95422289450684,0.5080768502940994
5441,14.896646132785763,2041-07-07,4.5487813181835905,4.548611260121429,4.923826299602836,4.954141496061318,0.5075906431747845
5448,14.915811088295689,2041-07-14,4.549351046442415,4.549285502115803,4.92378540895791,4.954053162978315,0.5071049049949334
5455,14.934976043805612,2041-07-21,4.549919254421221,4.549959744110178,4.923736988151371,4.9539580002499815,0.5066196360405881
5462,14.954140999315538,2041-07-28,4.550485938180404,4.550633986104553,4.92368103718322,4.953856112868723,0.5061348365953973
5469,14.973305954825461,2041-08-04,4.551051093800529,4.551308228098928,4.9236175556093675,4.953747605826691,0.5056505069406225
5476,14.992470910335387,2041-08-11,4.551614717382198,4.551982470093303,4.923546543873901,4.953632584116644,0.5051666473551457
5483,15.011635865845312,2041-08-18,4.552176805045932,4.5526567120876775,4.923468001976814,4.9535111527314335,0.5046832581154743
5490,15.030800821355236,2041-08-25,4.5527373529862265,4.553052196509739,4.923382149519143,4.9533834133992665,0.504200339491639
5497,15.049965776865161,2041-09-01,4.553296358326035,4.553401221336415,4.923289991469818,4.953249413008088,0.503717891682361
5504,15.069130732375086,2041-09-08,4.55385381895632,4.553750246163092,4.923191650840943,4.953109152941582,0.5032359148271176
5511,15.08829568788501,2041-09-15,4.554409732801525,4.554099270989767,4.92308712785456,4.9529626332065995,0.5027544090618067
5518,15.107460643394935,2041-09-22,4.554964097796633,4.554448295816443,4.922976422732711,4.95280985380973,0.5022733745204873
5525,15.126625598904859,2041-09-29,4.555516911887091,4.55479732064312,4.922859535031305,4.952650814758087,0.501792811335385
5532,15.145790554414784,2041-10-06,4.556068173028742,4.555146345469796,4.922736465194428,4.952485516059226,0.5013127196368973
5539,15.16495550992471,2041-10-13,4.5566178791877645,4.555495370296471,4.922607213222079,4.952313957721054,0.5008330995535983
5546,15.184120465434633,2041-10-20,4.557166028340602,4.555844395123148,4.922471778448124,4.952136139751386,0.5003539512122444
5553,15.203285420944558,2041-10-27,4.55771261847391,4.556193419949824,4.922330161760733,4.951952062158569,0.4998752747377783
5560,15.222450376454484,2041-11-03,4.558257647584471,4.5565424447764995,4.922182362493776,4.951761724951387,0.4993970702533361
5567,15.241615331964407,2041-11-10,4.558801113679151,4.556891469603176,4.922028381091335,4.951565128138712,0.4989193378802506
5574,15.260780287474333,2041-11-17,4.559343014774829,4.557240494429852,4.921868217553406,4.9513622717296775,0.49844207773805727
5581,15.279945242984258,2041-11-24,4.559883348898327,4.557589519256528,4.92170187121386,4.951153155733774,0.49796528994449935
5588,15.299110198494182,2041-12-01,4.56042211408636,4.557938544083204,4.921529343182907,4.950937780161013,0.4974889746155331
5595,15.318275154004107,2041-12-08,4.560959308385464,4.55828756890988,4.921350632350329,4.950716145021233,0.4970131318653324
5602,15.33744010951403,2041-12-15,4.561494929851944,4.558636593736556,4.921165739160208,4.950488250324889,0.4965377618062945
5609,15.356605065023956,2041-12-22,4.562028976551801,4.5589856185632325,4.920974664056628,4.950254096082959,0.49606286454904475
5616,15.375770020533881,2041-12-29,4.562561446560683,4.559334643389908,4.920777406373455,4.950013682305984,0.4955884402024419
5623,15.394934976043805,2042-01-05,4.5630923379638215,4.559683668216584,4.9205739663327295,4.949767009005561,0.49511448887358306
5630,15.41409993155373,2042-01-12,4.563621648855967,4.560032693043261,4.920364343934446,4.9495140761930205,0.4946410106678089
5637,15.433264887063656,2042-01-19,4.5641493773413355,4.560381717869936,4.920148539400647,4.949254883880397,0.494168005688709
5644,15.45242984257358,2042-01-26,4.564675521533548,4.560730742696612,4.919926552731326,4.948989432079724,0.49369547403812636
5651,15.471594798083505,2042-02-02,4.565200079555574,4.561079767523289,4.91969838326035,4.948717720803477,0.493223415816163
5658,15.490759753593428,2042-02-09,4.5657230495396695,4.561428792349965,4.919464031875887,4.948439750064391,0.49275183112118504
5665,15.509924709103354,2042-02-16,4.5662444296273215,4.56177781717664,4.919223498133848,4.948155519875643,0.49228072004982754
5672,15.529089664613279,2042-02-23,4.566764217969193,4.562126842003317,4.918976781812182,4.947865030250322,0.49181008269699955
5679,15.548254620123203,2042-03-02,4.567282412725066,4.562475866829993,4.918723883354974,4.947568281202306,0.4913399191558897
5686,15.567419575633128,2042-03-09,4.567799012063783,4.5628248916566685,4.918464802540176,4.947265272745212,0.4908702295179706
5693,15.586584531143053,2042-03-16,4.568314014163193,4.563173916483345,4.91819953936778,4.946956004893444,0.49040101387300444
5700,15.605749486652977,2042-03-23,4.568827417210098,4.563522941310021,4.917928093837784,4.9466404776614095,0.48993227230904757
5707,15.624914442162902,2042-03-30,4.569339219400191,4.563871966136697,4.917650466172226,4.946318691064041,0.4894640049124564
5714,15.644079397672828,2042-04-06,4.569849418938013,4.564220990963373,4.917366656149057,4.945990645116273,0.4889962117678913
5721,15.663244353182751,2042-04-13,4.570358014036886,4.564570015790049,4.917076663768271,4.945656339833564,0.48852889295832275
5728,15.682409308692677,2042-04-20,4.57086500291887,4.564919040616725,4.91678048880782,4.945315775231462,0.4880620485650356
5735,15.7015742642026,2042-04-27,4.5713703838147035,4.5652680654434015,4.9164781321558735,4.944968951326218,0.48759567866763465
5742,15.720739219712526,2042-05-04,4.571874154963754,4.565617090270077,4.916169592702206,4.944615868133821,0.4871297833440493
5749,15.739904175222451,2042-05-11,4.572376314613963,4.565966115096753,4.915854871334988,4.944256525670783,0.486664362670539
5756,15.759069130732374,2042-05-18,4.572876861021795,4.56631513992343,4.915533967166039,4.943890923954233,0.48619941672169775
5763,15.7782340862423,2042-05-25,4.573375792452189,4.566664164750105,4.915206880861481,4.943519063001038,0.48573494557045965
5770,15.797399041752225,2042-06-01,4.573873107178495,4.567013189576781,4.914873612421313,4.943140942828854,0.48527094928810377
5777,15.816563997262149,2042-06-08,4.5743688034824395,4.567362214403458,4.914534161401438,4.942756563455249,0.484807427944259
5784,15.835728952772074,2042-06-15,4.574862879654066,4.567711239230134,4.914188528245937,4.9423659248983185,0.4843443816069091
5791,15.854893908282,2042-06-22,4.575355333991685,4.568060264056809,4.913836712510718,4.9419690271763335,0.48388181034239797
5798,15.874058863791923,2042-06-29,4.5758461648018205,4.568409288883486,4.913478714861904,4.941565870308005,0.48341971421543445
5805,15.893223819301848,2042-07-06,4.576335370399173,4.568758313710162,4.913114534633359,4.941156454311954,0.4829580932890972
5812,15.912388774811772,2042-07-13,4.576822949106555,4.5691073385368375,4.912744172269161,4.940740779207771,0.48249694762484013
5819,15.931553730321697,2042-07-20,4.577308899254853,4.569456363363514,4.912367627547261,4.940318845014692,0.48203627728249704
5826,15.950718685831623,2042-07-27,4.577793219182977,4.56980538819019,4.911984900467653,4.939890651752481,0.4815760823202864
5833,15.969883641341546,2042-08-03,4.578275907237807,4.570154413016866,4.911595990808285,4.939456199441344,0.4811163627948171
5840,15.989048596851472,2042-08-10,4.578756961774148,4.570503437843542,4.91120089923528,4.939015488101658,0.48065711876109274
5847,16.008213552361397,2042-08-17,4.579236381154686,4.570852462670218,4.910799625082503,4.9385685177538035,0.48019835027251667
5854,16.027378507871322,2042-08-24,4.579714163749942,4.571201487496894,4.910392168794029,4.938115288419126,0.4797400573808974
5861,16.046543463381244,2042-08-31,4.5801903079382145,4.5715505123235705,4.909978530147811,4.937655800118619,0.4792822401364532
5868,16.06570841889117,2042-09-07,4.580664812105542,4.571899537150246,4.909558709143838,4.937190052873892,0.4788248985878171
5875,16.084873374401095,2042-09-14,4.58113767464566,4.572248561976922,4.909132705782106,4.936718046706816,0.478368032782042
5882,16.10403832991102,2042-09-21,4.581608893959944,4.572597586803599,4.908700520062604,4.9362397816394425,0.4779116427646053
5889,16.123203285420946,2042-09-28,4.582078468457374,4.572946611630274,4.90826215220737,4.935755257694257,0.47745572857941426
5896,16.142368240930868,2042-10-05,4.582546396554485,4.57329563645695,4.907817601994349,4.935264474894012,0.47700029026881086
5903,16.161533196440793,2042-10-12,4.583012676675321,4.573644661283627,4.907366869201492,4.934767433261544,0.47654532787357634
5910,16.18069815195072,2042-10-19,4.583477307251395,4.5739936861103025,4.906909954494919,4.934264132820308,0.4760908414329366
5917,16.199863107460644,2042-10-26,4.583940286721643,4.574342710936978,4.906446857208493,4.9337545735940225,0.47563683098456716
5924,16.21902806297057,2042-11-02,4.584401613532377,4.574691735763655,4.9059775777862935,4.933238755606139,0.47518329656459724
5931,16.238193018480494,2042-11-09,4.584861286137243,4.575040760590331,4.905502116006264,4.932716678881342,0.47473023820761606
5938,16.257357973990416,2042-11-16,4.585319302997181,4.5753897854170065,4.9050204718684,4.932188343443877,0.47427765594667665
5945,16.27652292950034,2042-11-23,4.585775662580382,4.575738810243683,4.90453264537269,4.931653749318338,0.4738255498133009
5952,16.295687885010267,2042-11-30,4.586230363362236,4.576087835070359,4.904038636519125,4.931112896530024,0.4733739198374851
5959,16.314852840520192,2042-12-07,4.586683403825305,4.576436859897035,4.903538445529741,4.930565785104322,0.4729227660477044
5966,16.334017796030118,2042-12-14,4.587134782459263,4.576785884723711,4.9030320721824845,4.930012415066705,0.4724720884709173
5973,16.35318275154004,2042-12-21,4.587584497760875,4.577134909550387,4.9025195162553015,4.92945278644335,0.4720218871325714
5980,16.372347707049965,2042-12-28,4.58803254823394,4.577483934377063,4.902000778414315,4.9288868992600845,0.4715721620566077
5987,16.39151266255989,2043-01-04,4.58847893238925,4.5778329592037394,4.901475857993383,4.928314753543873,0.47112291326546546
5994,16.410677618069816,2043-01-11,4.58892364874456,4.578181984030415,4.90094475521454,4.927736349321334,0.47067414078008757
6001,16.42984257357974,2043-01-18,4.589366695824536,4.578531008857091,4.900407470521863,4.927151686619609,0.47022584461992484
6008,16.449007529089666,2043-01-25,4.589808072160724,4.578880033683768,4.899864002805125,4.926560765466104,0.46977802480294106
6015,16.468172484599588,2043-02-01,4.590247776291503,4.579229058510443,4.899314353396577,4.92596358588858,0.4693306813456183
6022,16.487337440109513,2043-02-08,4.59068580676205,4.579578083337119,4.898758521630078,4.925360147914881,0.46888381426296083
6029,16.50650239561944,2043-02-15,4.591122162124297,4.579927108163796,4.898196507283573,4.924750451573379,0.4684374235685009
6036,16.525667351129364,2043-02-22,4.5915568409368905,4.5802761329904715,4.8976283108011405,4.924134496892799,0.4679915092743031
6043,16.54483230663929,2043-03-01,4.591989841765161,4.580625157817147,4.897053931738682,4.923512283901778,0.4675460713909692
6050,16.56399726214921,2043-03-08,4.592421163181077,4.580974182643824,4.896473370540273,4.922883812629656,0.46710110992764303
6057,16.583162217659137,2043-03-15,4.592850803763208,4.5813232074705,4.895886627205905,4.922249083105946,0.46665662489201565
6064,16.602327173169062,2043-03-22,4.593278762096686,4.581672232297176,4.895293701291478,4.921608095360075,0.4662126162903294
6071,16.621492128678987,2043-03-29,4.593705036773167,4.582021257123852,4.89469459324107,4.920960849422526,0.46576908412738377
6078,16.640657084188913,2043-04-05,4.5941296263908,4.582370281950528,4.894089302832625,4.920307345323251,0.46532602840653886
6085,16.659822039698838,2043-04-12,4.594552529554183,4.5827193067772045,4.893477830066132,4.919647583093172,0.4648834491297217
6092,16.67898699520876,2043-04-19,4.59497374487432,4.58306833160388,4.8928601747195355,4.918981562763033,0.46444134629742984
6099,16.698151950718685,2043-04-26,4.5953932709686045,4.583417356430556,4.8922363374589555,4.9183092843641925,0.46399971990873673
6106,16.71731690622861,2043-05-03,4.595811106460761,4.583766381257233,4.891606317618249,4.917630747928099,0.46355856996129635
6113,16.736481861738536,2043-05-10,4.596227249980819,4.584115406083908,4.890970115641494,4.916945953486639,0.4631178964513482
6120,16.75564681724846,2043-05-17,4.59664170016508,4.584464430910584,4.890327731306632,4.916254901071699,0.4626776993737216
6127,16.774811772758383,2043-05-24,4.597054455656072,4.584813455737261,4.889679164613652,4.915557590715869,0.4622379787218409
6134,16.79397672826831,2043-05-31,4.597465515102525,4.585162480563937,4.889024415784586,4.914854022451999,0.46179873448773034
6141,16.813141683778234,2043-06-07,4.597874877159327,4.585511505390612,4.888363484597378,4.914144196312595,0.46135996666201806
6148,16.83230663928816,2043-06-14,4.598282540487494,4.585860530217289,4.887696370607928,4.913428112331297,0.46092167523394184
6155,16.851471594798085,2043-06-21,4.598688503754126,4.586209555043965,4.887023074926444,4.912705770541573,0.46048386019135334
6162,16.870636550308006,2043-06-28,4.599092765632391,4.5865585798706405,4.886343596664736,4.911977170977331,0.4600465215207227
6169,16.889801505817932,2043-07-05,4.599495324801472,4.586907604697317,4.885657936044837,4.911242313672741,0.4596096592071434
6176,16.908966461327857,2043-07-12,4.599896179946541,4.587256629523993,4.884966093288776,4.91050119866215,0.45917327323433743
6183,16.928131416837783,2043-07-19,4.600295329758729,4.587605654350669,4.884268067952456,4.909753825980254,0.4587373635846594
6190,16.947296372347708,2043-07-26,4.600692772935077,4.587954679177345,4.883563860701992,4.909000195662366,0.45830193023910154
6197,16.966461327857633,2043-08-02,4.6010885081785275,4.588303704004021,4.88285347087124,4.908240307743449,0.45786697317729835
6204,16.985626283367555,2043-08-09,4.601482534197862,4.588652728830697,4.882136898682233,4.907474162259515,0.4574324923775316
6211,17.00479123887748,2043-08-16,4.601874849707696,4.5890017536573735,4.881414144134957,4.9067017592462285,0.4569984878167345
6218,17.023956194387406,2043-08-23,4.602265453428424,4.589350778484049,4.880685207451441,4.905923098739782,0.4565649594704968
6225,17.04312114989733,2043-08-30,4.6026543440862016,4.589699803310725,4.879950088409628,4.905138180776804,0.45613190731306935
6232,17.062286105407257,2043-09-06,4.603041520412903,4.590048828137402,4.879208786787461,4.904347005394014,0.455699331317369
6239,17.08145106091718,2043-09-13,4.6034269811461,4.590397852964077,4.878461303251058,4.90354957262848,0.45526723145498277
6246,17.100616016427104,2043-09-20,4.603810725029018,4.590746877790753,4.877707637356315,4.90274588251771,0.45483560769617315
6253,17.11978097193703,2043-09-27,4.604192750810512,4.59109590261743,4.876947788881179,4.9019359350993,0.45440446000988227
6260,17.138945927446954,2043-10-04,4.604573057245035,4.591444927444106,4.87618175826972,4.9011197304111125,0.45397378836373686
6267,17.15811088295688,2043-10-11,4.6049516430926,4.591793952270781,4.875409545299881,4.90029726849162,0.4535435927240528
6274,17.177275838466805,2043-10-18,4.605328507118759,4.592142977097458,4.8746311499716475,4.899468549379296,0.45311387305583994
6281,17.196440793976727,2043-10-25,4.605703648094564,4.592492001924134,4.8738465725070474,4.898633573112795,0.4526846293228063
6288,17.215605749486652,2043-11-01,4.606077064796542,4.5928410267508095,4.873055812461982,4.897792339731555,0.4522558614873633
6295,17.234770704996578,2043-11-08,4.60644875600666,4.593190051577486,4.872258870280522,4.896944849274753,0.4518275695106298
6302,17.253935660506503,2043-11-15,4.6068187205122975,4.593539076404162,4.871455745740608,4.896091101782447,0.4513997533524375
6309,17.27310061601643,2043-11-22,4.607186957106214,4.593888101230838,4.870646438842227,4.89523109729434,0.4509724129713347
6316,17.29226557152635,2043-11-29,4.607553464586524,4.594237126057514,4.869830949807407,4.89436483585084,0.4505455483245915
6323,17.311430527036276,2043-12-06,4.607918241756663,4.59458615088419,4.8690092781920455,4.893492317492704,0.45011915936820424
6330,17.3305954825462,2043-12-13,4.608281287425355,4.594935175710866,4.8681814244402135,4.892613542260693,0.4496932460569001
6337,17.349760438056126,2043-12-20,4.608642600406598,4.5952842005375425,4.867347388329853,4.891728510195828,0.44926780834414154
6344,17.36892539356605,2043-12-27,4.609002179519614,4.595633225364218,4.86650716986095,4.890837221340009,0.4488428461821314
6351,17.388090349075977,2044-01-03,4.609360023588834,4.595982250190894,4.86566076925553,4.8899396757347855,0.44841835952181697
6358,17.4072553045859,2044-01-10,4.609716131443871,4.596331275017571,4.8648081860694905,4.889035873422059,0.44799434831289453
6365,17.426420260095824,2044-01-17,4.6100705019194805,4.596680299844246,4.863949420746904,4.888125814444607,0.4475708125038146
6372,17.44558521560575,2044-01-24,4.61042313385554,4.597029324670922,4.863084473065712,4.887209498844858,0.4471477520417858
6379,17.464750171115675,2044-01-31,4.610774026097021,4.597378349497599,4.862213343025895,4.886286926665679,0.44672516687277974
6386,17.4839151266256,2044-02-07,4.611123177493958,4.597727374324275,4.86133603062744,4.885358097950464,0.4463030569415355
6393,17.503080082135522,2044-02-14,4.611470586901422,4.59807639915095,4.8604525363144155,4.884423012742605,0.4458814221915641
6400,17.522245037645447,2044-02-21,4.6118162531794935,4.598425423977627,4.859562859198633,4.883481671086113,0.4454602625651535
6407,17.541409993155373,2044-02-28,4.612160175193233,4.598774448804303,4.8586669997241625,4.882534073025171,0.44503957800337246
6414,17.560574948665298,2044-03-06,4.61250235181266,4.5991234736309785,4.857764958335073,4.881580218603878,0.4446193684460754
6421,17.579739904175224,2044-03-13,4.612842781912716,4.599472498457655,4.856856734365219,4.8806201078671165,0.4441996338319072
6428,17.598904859685145,2044-03-20,4.613181464373245,4.599821523284331,4.855942328036626,4.879653740860129,0.4437803740983074
6435,17.61806981519507,2044-03-27,4.613518398078968,4.600170548111007,4.855021739571321,4.878681117627714,0.44336158918151447
6442,17.637234770704996,2044-04-03,4.613853581919449,4.600519572937683,4.854094968747244,4.8777022382159885,0.4429432790165711
6449,17.65639972621492,2044-04-10,4.614187014789078,4.600868597764359,4.8531620155643775,4.876717102670629,0.4425254435373279
6456,17.675564681724847,2044-04-17,4.614518695587036,4.601217622591035,4.852222880022704,4.875725711037578,0.4421080826764483
6463,17.694729637234772,2044-04-24,4.614848623217277,4.6015666474177115,4.851277562344249,4.874728063363567,0.44169119636541304
6470,17.713894592744694,2044-05-01,4.615176796588492,4.601915672244387,4.850326062084908,4.873724159695503,0.44127478453452473
6477,17.73305954825462,2044-05-08,4.615503214614098,4.602264697071063,4.8493683799107945,4.872714000080031,0.44085884711291184
6484,17.752224503764545,2044-05-15,4.615827876212196,4.60261372189774,4.848404514933717,4.871697584564937,0.4404433840285339
6491,17.77138945927447,2044-05-22,4.616150780305559,4.602962746724415,4.847434467819787,4.870674913197567,0.4400283952081854
6498,17.790554414784395,2044-05-29,4.616471925821603,4.603311771551091,4.846458238568989,4.869645986025795,0.43961388057750034
6505,17.809719370294317,2044-06-05,4.616791311692356,4.603660796377768,4.845475826959258,4.868610803098285,0.43919984006095725
6512,17.828884325804243,2044-06-12,4.617108936854443,4.604009821204444,4.844487232990578,4.867569364463,0.43878627358188266
6519,17.848049281314168,2044-06-19,4.6174248002490526,4.604358846031119,4.84349245666293,4.866521670169217,0.4383731810624563
6526,17.867214236824093,2044-06-26,4.617738900821916,4.604707870857796,4.8424914981983385,4.865467720265865,0.43796056242371556
6533,17.88637919233402,2044-07-03,4.618051237523287,4.605056895684472,4.8414843571527,4.864407514802401,0.4375484175855592
6540,17.905544147843944,2044-07-10,4.61836180930791,4.6054059205111475,4.840471033748036,4.863341053828364,0.43713674646675243
6547,17.924709103353866,2044-07-17,4.618670615134999,4.605754945337824,4.839451528206374,4.862268337394003,0.43672554898493143
6554,17.94387405886379,2044-07-24,4.618977653968221,4.6061039701645,4.838425840305651,4.861189365549297,0.436314825056607
6561,17.963039014373717,2044-07-31,4.619282924775658,4.606452994991176,4.837393970045847,4.8601041383451085,0.4359045745971698
6568,17.982203969883642,2044-08-07,4.619586426529794,4.606802019817852,4.836355917648987,4.85901265583221,0.4354947975208943
6575,18.001368925393567,2044-08-14,4.619888158207489,4.607151044644528,4.835311682670965,4.857914918061549,0.4350854937409432
6582,18.02053388090349,2044-08-21,4.620188118789956,4.607500069471204,4.834261265555848,4.856810925084951,0.4346766631693719
6589,18.039698836413415,2044-08-28,4.620486307262738,4.6078490942978805,4.833204666303617,4.855700676953981,0.43426830571713304
6596,18.05886379192334,2044-09-04,4.62078272261568,4.608198119124556,4.8321418844701665,4.854584173720642,0.4338604212940803
6603,18.078028747433265,2044-09-11,4.621077363842916,4.608547143951232,4.831072920499562,4.853461415437374,0.4334530098089737
6610,18.09719370294319,2044-09-18,4.6213702299428405,4.608896168777909,4.829997773947697,4.852332402156619,0.4330460711694829
6617,18.116358658453116,2044-09-25,4.621661319918079,4.609245193604584,4.828916445258638,4.85119713393152,0.4326396052821926
6624,18.135523613963038,2044-10-02,4.621950632775483,4.60959421843126,4.827828934210323,4.8500556108153114,0.4322336120526059
6631,18.154688569472963,2044-10-09,4.62223816752609,4.609943243257937,4.826735240802731,4.848907832861225,0.43182809138514944
6638,18.17385352498289,2044-10-16,4.622523923185114,4.610292268084613,4.825635365035843,4.847753800123194,0.4314230431831773
6645,18.193018480492814,2044-10-23,4.622807898771916,4.610641292911288,4.824529307131679,4.846593512655508,0.4310184673489756
6652,18.21218343600274,2044-10-30,4.623090093309985,4.610990317737965,4.823417066868179,4.845426970512272,0.43061436378376633
6659,18.23134839151266,2044-11-06,4.623370505826918,4.611339342564641,4.822298644023274,4.844254173748305,0.4302107323877123
6666,18.250513347022586,2044-11-13,4.623649135354394,4.6116883673913165,4.821174039263078,4.84307512241868,0.42980757305992123
6673,18.269678302532512,2044-11-20,4.6239259809281545,4.612037392217993,4.8200432519214385,4.841889816578388,0.4294048856984496
6680,18.288843258042437,2044-11-27,4.624201041587985,4.612386417044669,4.818906282664464,4.840698256283208,0.42900267020030775
6687,18.308008213552363,2044-12-04,4.624474316377692,4.6127354418713455,4.817763130603961,4.839500441589008,0.42860092646146347
6694,18.327173169062284,2044-12-11,4.624745804345081,4.613084466698021,4.816613796406037,4.838296372551741,0.42819965437684676
6701,18.34633812457221,2044-12-18,4.625015504541935,4.613433491524697,4.815458279848628,4.837086049228156,0.4277988538403539
6708,18.365503080082135,2044-12-25,4.625283416023995,4.613782516351374,4.814296581153758,4.835869471674645,0.42739852474485146
6715,18.38466803559206,2045-01-01,4.6255495378509455,4.6141315411780495,4.813128699877315,4.834646639948217,0.4269986669821812
6722,18.403832991101986,2045-01-08,4.6258138690863735,4.614480566004725,4.811954636463366,4.833417554106675,0.426599280443164
6729,18.42299794661191,2045-01-15,4.626076408797778,4.614829590831402,4.810774390911889,4.832182214207114,0.4262003650176038
6736,18.442162902121833,2045-01-22,4.6263371560565245,4.615178615658078,4.809587962556732,4.830940620307684,0.4258019205942923
6743,18.46132785763176,2045-01-29,4.626596109937841,4.615527640484753,4.808395352064004,4.829692772466627,0.42540394706101314
6750,18.480492813141684,2045-02-05,4.626853269520785,4.61587666531143,4.807196559433682,4.828438670742093,0.4250064443045458
6757,18.49965776865161,2045-02-12,4.627108633888236,4.616225690138106,4.805991584665743,4.827178315193287,0.4246094122106704
6764,18.518822724161534,2045-02-19,4.627362202126864,4.616574714964782,4.804780427094036,4.825911705879152,0.42421285066417125
6771,18.537987679671456,2045-02-26,4.627613973327124,4.616923739791458,4.80356308760671,4.824638842858892,0.4238167595488415
6778,18.55715263518138,2045-03-05,4.627863946583224,4.617272764618134,4.802339565537616,4.8233597261923284,0.4234211387474874
6785,18.576317590691307,2045-03-12,4.628112120993104,4.61762178944481,4.801109861330814,4.822074355939456,0.4230259881419322
6792,18.595482546201232,2045-03-19,4.628358495658436,4.617970814271486,4.799873974542197,4.820782732160271,0.4226313076130205
6799,18.614647501711158,2045-03-26,4.628603069684576,4.618319839098162,4.798631905615828,4.8194848549156495,0.4222370970406225
6806,18.633812457221083,2045-04-02,4.628845842180576,4.618668863924838,4.79738365432964,4.818180724266377,0.42184335630363823
6813,18.652977412731005,2045-04-09,4.629086812259139,4.6190178887515145,4.796129220905654,4.816870340273151,0.42145008528000116
6820,18.67214236824093,2045-04-16,4.629325979036614,4.61936691357819,4.794868605121804,4.8155537029979,0.4210572838466834
6827,18.691307323750856,2045-04-23,4.6295633416329744,4.619715938404866,4.793601806756022,4.814230812502116,0.4206649518796989
6834,18.71047227926078,2045-04-30,4.629798899171799,4.620064963231543,4.792328826474415,4.812901668847813,0.42027308925410806
6841,18.729637234770706,2045-05-07,4.630032650780255,4.6204139880582185,4.791049663610829,4.811566272097358,0.4198816958440221
6848,18.748802190280628,2045-05-14,4.630264595589076,4.620763012884894,4.789764318387283,4.810224622313298,0.4194907715226064
6855,18.767967145790553,2045-05-21,4.630494732732549,4.621112037711571,4.7884727910258,4.808876719558435,0.4191003161620855
6862,18.78713210130048,2045-05-28,4.6307230613484895,4.621461062538247,4.787175081082265,4.807522563896195,0.4187103296337469
6869,18.806297056810404,2045-06-04,4.630949580578235,4.621810087364922,4.785871189000743,4.8061621553896465,0.4183208118079449
6876,18.82546201232033,2045-06-11,4.631174289566608,4.622159112191599,4.7845611147812095,4.804795494102914,0.41793176255410525
6883,18.844626967830255,2045-06-18,4.6313971874619195,4.622508137018275,4.783244857979552,4.803422580100034,0.41754318174072896
6890,18.863791923340177,2045-06-25,4.63161827341594,4.6228571618449505,4.7819224190398355,4.802043413445044,0.4171550692353962
6897,18.882956878850102,2045-07-02,4.631837546583883,4.623206186671627,4.780593797739991,4.800657994202947,0.41676742490477087
6904,18.902121834360027,2045-07-09,4.632055006124382,4.623555211498303,4.779258994079993,4.7992663224385685,0.4163802486146045
6911,18.921286789869953,2045-07-16,4.632270651199489,4.623904236324979,4.777918008059817,4.797868398216915,0.41599354022973994
6918,18.940451745379878,2045-07-23,4.632484480974642,4.624253261151655,4.776570839901482,4.796464221603864,0.41560729961411613
6925,18.9596167008898,2045-07-30,4.6326964946186555,4.624602285978331,4.775217489160877,4.79505379266486,0.4152215266307716
6932,18.978781656399725,2045-08-06,4.632906691303699,4.624951310805007,4.773857956282061,4.793637111466397,0.414836221141849
6939,18.99794661190965,2045-08-13,4.633115070205283,4.6253003356316835,4.7724922410429675,4.792214178074712,0.4144513830085987
6946,19.017111567419576,2045-08-20,4.6333216305022455,4.625649360458359,4.771120343443572,4.790784992556121,0.414067012091383
6953,19.0362765229295,2045-08-27,4.6335263713767265,4.625998385285035,4.76974226370589,4.789349554978354,0.4136831082496806
6960,19.055441478439427,2045-09-03,4.633729292014157,4.626347410111712,4.768358001385812,4.787907865408078,0.4132996713420899
6967,19.07460643394935,2045-09-10,4.633930391603246,4.6266964349383874,4.766967557149439,4.786459923913112,0.41291670122633345
6974,19.093771389459274,2045-09-17,4.634129669335953,4.627045459765063,4.7655709301085745,4.7850057305613545,0.41253419775926214
6981,19.1129363449692,2045-09-24,4.634327124407483,4.62739448459174,4.7641681209293205,4.7835452854208835,0.41215216079685885
6988,19.132101300479125,2045-10-01,4.634522756016268,4.627743509418416,4.762759129611654,4.782078588559954,0.4117705901942425
6995,19.15126625598905,2045-10-08,4.6347165633639404,4.628092534245091,4.761343955933503,4.780605640047694,0.4113894858056724
7002,19.170431211498972,2045-10-15,4.634908545655331,4.628441559071768,4.759922599672799,4.779126439953063,0.411008847484552
7009,19.189596167008897,2045-10-22,4.635098702098448,4.628790583898444,4.758495061495646,4.7776409883451025,0.4106286750834326
7016,19.208761122518823,2045-10-29,4.635287031904457,4.6291396087251195,4.757061340735885,4.776149285293648,0.41024896845401804
7023,19.227926078028748,2045-11-05,4.635473534287672,4.629488633551796,4.755621437837579,4.774651330868619,0.4098697274471679
7030,19.247091033538673,2045-11-12,4.635658208465533,4.629837658378472,4.754175352356614,4.773147125140117,0.4094909519129021
7037,19.266255989048595,2045-11-19,4.635841053658593,4.630186683205148,4.752723084737048,4.771636668178939,0.4091126417004047
7044,19.28542094455852,2045-11-26,4.6360220690905125,4.630535708031824,4.751264634756813,4.770119960055274,0.40873479665802714
7051,19.304585900068446,2045-12-03,4.636201253988021,4.6308847328585,4.749800002415883,4.768597000840886,0.4083574166332937
7058,19.32375085557837,2045-12-10,4.636378607580925,4.631233757685176,4.748329187936269,4.7670677906067525,0.407980501472904
7065,19.342915811088297,2045-12-17,4.636554129102082,4.6315827825118525,4.746852190873863,4.765532329424552,0.4076040510227375
7072,19.362080766598222,2045-12-24,4.636727817787385,4.631931807338528,4.745369011894763,4.76399061736649,0.4072280651278577
7079,19.381245722108144,2045-12-31,4.6368996728757494,4.632280832165204,4.743879650332814,4.762442654504686,0.40685254363251566
7086,19.40041067761807,2046-01-07,4.6370696936091,4.632629856991881,4.742384106410031,4.760888440911521,0.4064774863801539
7093,19.419575633127995,2046-01-14,4.637237879232354,4.632978881818556,4.740882380348431,4.759327976660079,0.40610289321341075
7100,19.43874058863792,2046-01-21,4.637404228993402,4.633327906645232,4.73937447192594,4.757761261823445,0.40572876397412383
7107,19.457905544147845,2046-01-28,4.637568742143105,4.633676931471909,4.737860381142533,4.756188296474879,0.40535509850333407
7114,19.477070499657767,2046-02-04,4.637731417935265,4.634025956298585,4.736340107998179,4.7546090806883425,0.4049818966412896
7121,19.496235455167692,2046-02-11,4.637892255626624,4.63437498112526,4.734813652492852,4.753023614537801,0.4046091582274498
7128,19.515400410677618,2046-02-18,4.63805125447684,4.634724005951937,4.733281014848566,4.751431898097302,0.40423688310048883
7135,19.534565366187543,2046-02-25,4.63820841374848,4.635073030778613,4.7317421948432505,4.749833931441777,0.40386507109829994
7142,19.55373032169747,2046-03-04,4.638363732706996,4.6354220556052885,4.730197192254831,4.74822971464589,0.4034937220579989
7149,19.572895277207394,2046-03-11,4.638517210620725,4.635771080431965,4.728646007749412,4.746619247784923,0.4031228358159281
7156,19.592060232717316,2046-03-18,4.638668846760858,4.636120105258641,4.727088640660832,4.745002530934419,0.40275241220766056
7163,19.61122518822724,2046-03-25,4.638818640401443,4.636469130085317,4.725525091433152,4.7433795641699215,0.4023824510680032
7170,19.630390143737166,2046-04-01,4.638966590819359,4.636818154911993,4.723955359844295,4.741750347567854,0.4020129522310014
7177,19.64955509924709,2046-04-08,4.639112697294302,4.637167179738669,4.722379445894237,4.740114881204287,0.40164391552994244
7184,19.668720054757017,2046-04-15,4.639256959108788,4.637516204565345,4.720797349360901,4.738473165155818,0.40127534079735905
7191,19.68788501026694,2046-04-22,4.6393993755481135,4.6378652293920215,4.7192090709103915,4.736825199499572,0.4009072278650339
7198,19.707049965776864,2046-04-29,4.63953994590036,4.638214254218697,4.7176146100985905,4.73517098431294,0.40053957656400313
7205,19.72621492128679,2046-05-06,4.639678669456377,4.638563279045373,4.716013966703423,4.733510519672956,0.4001723867245596
7212,19.745379876796715,2046-05-13,4.6398155455097685,4.63891230387205,4.7144071413909945,4.731843805657802,0.39980565817625763
7219,19.76454483230664,2046-05-20,4.639950573356872,4.639261328698725,4.712794133495141,4.730170842345481,0.39943939074791623
7226,19.783709787816566,2046-05-27,4.640083752296759,4.639610353525401,4.711174943237876,4.7284916432906865,0.39907358426762285
7233,19.802874743326488,2046-06-03,4.640215081631209,4.639959378352078,4.709549570841214,4.726806448405072,0.39870823856273746
7240,19.822039698836413,2046-06-10,4.640344560664706,4.640308403178754,4.707918016083082,4.725115685419805,0.398343353459896
7247,19.84120465434634,2046-06-17,4.640472188704417,4.640657428005429,4.70628027896345,4.723419787744152,0.39797892878501456
7254,19.860369609856264,2046-06-24,4.640597965060186,4.641006452832106,4.7046363594822855,4.721719188780261,0.39761496436329263
7261,19.87953456536619,2046-07-01,4.640721889044521,4.641355477658782,4.702986257861603,4.720014321922902,0.39725146001921713
7268,19.89869952087611,2046-07-08,4.640843959972571,4.641704502485458,4.701329973879329,4.718305620560083,0.39688841557656634
7275,19.917864476386036,2046-07-15,4.640964177162126,4.642053527312134,4.699667507313387,4.716593518072081,0.39652583085841325
7282,19.93702943189596,2046-07-22,4.641082539933601,4.64240255213881,4.697998858829879,4.71487844783188,0.39616370568712944
7289,19.956194387405887,2046-07-29,4.641199047610016,4.642751576965487,4.696324027762643,4.71316084320544,0.39580203988438895
7296,19.975359342915812,2046-08-05,4.641313699516994,4.643100601792162,4.694643014555734,4.711441137551253,0.3954408332711719
7303,19.994524298425734,2046-08-12,4.641426494982741,4.643449626618838,4.692955818987078,4.709719764219816,0.39508008566776803
7310,20.01368925393566,2046-08-19,4.641537433338037,4.643798651445515,4.6912624408346,4.7079971565552166,0.3947197968937807
7317,20.032854209445585,2046-08-26,4.641646514084145,4.643775320942729,4.689563789588704,4.706273734417732,0.39435996675485524
7324,20.05201916495551,2046-09-02,4.64175373954209,4.643689931218367,4.687864011468837,4.704549691316397,0.3940005948332287
7331,20.071184120465436,2046-09-09,4.641859114359974,4.643604541494004,4.686163618285407,4.702825032944237,0.39364168052663717
7338,20.09034907597536,2046-09-16,4.641962643238797,4.643519151769642,4.6844626093722805,4.701099759309073,0.39328322322808995
7345,20.109514031485283,2046-09-23,4.64206433086164,4.643433762045279,4.682760985395585,4.699373870419072,0.3929252223314737
7352,20.128678986995208,2046-09-30,4.6421641818937465,4.643348372320917,4.681058745911231,4.697647366282317,0.392567677231551
7359,20.147843942505133,2046-10-07,4.642262200982615,4.643262982596554,4.679355890919214,4.695920246906625,0.39221058732395925
7366,20.16700889801506,2046-10-14,4.642358392758071,4.643177592872192,4.677652420419532,4.694192512300165,0.39185395200520934
7373,20.186173853524984,2046-10-21,4.642452761832361,4.6430922031478294,4.675948334856268,4.69246416247102,0.39149777067268454
7380,20.205338809034906,2046-10-28,4.642545312800231,4.643006813423467,4.674243634007375,4.690735197427094,0.3911420427246388
7387,20.22450376454483,2046-11-04,4.642636050239016,4.6429214236991045,4.672538317428765,4.689005617176382,0.390786767560196
7394,20.243668720054757,2046-11-11,4.642724978708709,4.642836033974742,4.670832385786564,4.687275421727315,0.39043194457934854
7401,20.262833675564682,2046-11-18,4.642812102752055,4.64275064425038,4.669125838636681,4.685544611087362,0.3900775731829558
7408,20.281998631074607,2046-11-25,4.642897426894632,4.642665254526017,4.667418676201159,4.683813185264954,0.38972365277274307
7415,20.301163586584533,2046-12-02,4.642980955644925,4.642579864801655,4.665710898035904,4.6820811442680865,0.38937018275130064
7422,20.320328542094455,2046-12-09,4.643062693494411,4.642494475077292,4.664002504807047,4.680348488104486,0.3890171625220818
7429,20.33949349760438,2046-12-16,4.6431426449176385,4.64240908535293,4.66229349584845,4.678615216782765,0.38866459148940236
7436,20.358658453114305,2046-12-23,4.6432208143723095,4.642323695628567,4.6605838720482895,4.676881330310652,0.38831246905843886
7443,20.37782340862423,2046-12-30,4.643297206299354,4.642238305904205,4.658873632296341,4.675146828696051,0.38796079463522753
7450,20.396988364134156,2047-01-06,4.64337182512301,4.6421529161798425,4.65716277770282,4.673411711947397,0.3876095676266631
7457,20.416153319644078,2047-01-13,4.64344467525091,4.64206752645548,4.655451307379549,4.671675980072508,0.38725878744049735
7464,20.435318275154003,2047-01-20,4.643515761074142,4.641982136731118,4.6537392217706115,4.669939633079552,0.38690845348533814
7471,20.45448323066393,2047-01-27,4.643585086967346,4.641896747006755,4.652026520876006,4.668202670976435,0.3865585651706479
7478,20.473648186173854,2047-02-03,4.643652657288774,4.641811357282393,4.650313204473683,4.666465093771503,0.38620912190674267
7485,20.49281314168378,2047-02-10,4.643718476380383,4.64172596755803,4.648599272563642,4.664726901472574,0.38586012310479045
7492,20.511978097193705,2047-02-17,4.643782548567894,4.641640577833668,4.646884725589966,4.662988094087991,0.3855115681768106
7499,20.531143052703626,2047-02-24,4.643844878160884,4.641555188109305,4.645169563108563,4.661248671625486,0.38516345653567186
7506,20.550308008213552,2047-03-03,4.643905469452848,4.641469798384943,4.6434537851194335,4.659508634093491,0.38481578759509166
7513,20.569472963723477,2047-03-10,4.643964326721285,4.64138440866058,4.641737391844615,4.6577679815,0.3844685607696348
7520,20.588637919233403,2047-03-17,4.644021454227764,4.641299018936218,4.640020383284106,4.65602671385283,0.3841217754747119
7527,20.607802874743328,2047-03-24,4.644076856218001,4.6412136292118555,4.638302759215858,4.654284831160416,0.3837754311265786
7534,20.62696783025325,2047-03-31,4.644130536921931,4.641128239487493,4.636584519861912,4.652542333430749,0.3834295271423342
7541,20.646132785763175,2047-04-07,4.644182500553789,4.641042849763131,4.634865665000222,4.650799220671823,0.3830840629399201
7548,20.6652977412731,2047-04-14,4.644232751312172,4.640957460038768,4.633146194852827,4.649055492891985,0.38273903793811925
7555,20.684462696783026,2047-04-21,4.64428129338012,4.640872070314406,4.631426109419726,4.647311150098963,0.38239445155655416
7562,20.70362765229295,2047-04-28,4.644328130925179,4.640786680590043,4.629705408478872,4.645566192301191,0.3820503032156864
7569,20.722792607802873,2047-05-05,4.644373268099482,4.640701290865681,4.627984092252302,4.643820619506749,0.38170659233681486
7576,20.7419575633128,2047-05-12,4.644416709039817,4.640615901141318,4.626262160295931,4.642074431723457,0.3813633183420747
7583,20.761122518822724,2047-05-19,4.644458457867694,4.640530511416956,4.624539613275882,4.640327628959747,0.38102048065443633
7590,20.78028747433265,2047-05-26,4.64449851868942,4.6404451216925935,4.622816450748067,4.638580211223699,0.380678078697704
7597,20.799452429842574,2047-06-02,4.644536895596168,4.640359731968231,4.621092673156568,4.636832178523221,0.3803361118965144
7604,20.8186173853525,2047-06-09,4.644573592664047,4.640274342243869,4.619368280057298,4.635083530866657,0.379994579676336
7611,20.83778234086242,2047-06-16,4.644608613954166,4.640188952519506,4.61764327145025,4.633334268262088,0.37965348146346733
7618,20.856947296372347,2047-06-23,4.644641963512712,4.640103562795144,4.615917647335423,4.631584390717508,0.379312816685036
7625,20.876112251882272,2047-06-30,4.644673645371014,4.640018173070781,4.614191407934857,4.6298338982412615,0.3789725847689976
7632,20.895277207392198,2047-07-07,4.644703663545605,4.639932783346419,4.61246455324855,4.6280827908414315,0.3786327851441342
7639,20.914442162902123,2047-07-14,4.644732022038305,4.639847393622056,4.6107370830544525,4.626331068525922,0.3782934172400534
7646,20.933607118412045,2047-07-21,4.6447587248362705,4.639762003897694,4.609008997574608,4.624578731303255,0.3779544804871871
7653,20.95277207392197,2047-07-28,4.644783775912077,4.6396766141733305,4.6072802968090105,4.622825779181334,0.37761597431679017
7660,20.971937029431896,2047-08-04,4.644807179223774,4.639591224448968,4.605550980313571,4.621072212168068,0.3772778981609394
7667,20.99110198494182,2047-08-11,4.644828938714958,4.639505834724606,4.603821048976461,4.619318030272239,0.3769402514525324
7674,21.010266940451746,2047-08-18,4.644849058314837,4.639420445000243,4.602090501687459,4.61756323350149,0.37660303362528597
7681,21.02943189596167,2047-08-25,4.644867541938296,4.639335055275881,4.600359339334736,4.615807821864165,0.3762662441137355
7688,21.048596851471594,2047-09-01,4.6448843934859605,4.639249665551518,4.598627561474202,4.614051795368434,0.3759298823532334
7695,21.06776180698152,2047-09-08,4.6448996168442624,4.639164275827156,4.596895168327897,4.612295154022292,0.3755939477799479
7702,21.086926762491444,2047-09-15,4.644913215885506,4.639078886102793,4.595162159895817,4.610537897834082,0.3752584398308622
7709,21.10609171800137,2047-09-22,4.6449251944679295,4.638993496378431,4.59342853617796,4.608780026811974,0.374923357943773
7716,21.125256673511295,2047-09-29,4.644935556435774,4.6389081066540685,4.591694296730236,4.607021540963961,0.3745887015572893
7723,21.144421629021217,2047-10-06,4.6449443056193385,4.638822716929706,4.589959442218772,4.605262440298389,0.37425447011083135
7730,21.163586584531142,2047-10-13,4.64495144583505,4.638737327205344,4.588223971977433,4.603502724823427,0.3739206630446297
7737,21.182751540041068,2047-10-20,4.644956980885522,4.638651937480981,4.586487886672348,4.601742394547068,0.3735872797997233
7744,21.201916495550993,2047-10-27,4.644960914559623,4.638566547756619,4.584751185859426,4.5999814494777445,0.37325431981795915
7751,21.22108145106092,2047-11-03,4.644963250632531,4.638481158032256,4.5830138695386635,4.5982198896235404,0.3729217825419909
7758,21.240246406570844,2047-11-10,4.6449639928658,4.638395768307894,4.581275937932102,4.596457714992446,0.37258966741527705
7765,21.259411362080765,2047-11-17,4.644963145007418,4.638310378583531,4.579537391039737,4.594694925593071,0.3722579738820809
7772,21.27857631759069,2047-11-24,4.6449607107918744,4.638224988859169,4.577798228639523,4.592931521433147,0.37192670138746825
7779,21.297741273100616,2047-12-01,4.644956693940213,4.6381395991348064,4.576058450953499,4.591167502521106,0.37159584937730716
7786,21.31690622861054,2047-12-08,4.644951098160095,4.638054209410444,4.574318057759618,4.5894028688652915,0.37126541729826634
7793,21.336071184120467,2047-12-15,4.6449439271458655,4.6379688196860815,4.572577049501966,4.587637620473611,0.37093540459781377
7800,21.35523613963039,2047-12-22,4.644935184578603,4.637883429961719,4.5708354255144075,4.585871757354409,0.37060581072421617
7807,21.374401095140314,2047-12-29,4.644924874126185,4.637798040237357,4.569093186241028,4.584105279515942,0.3702766351265374
7814,21.39356605065024,2048-01-05,4.644912999443348,4.637712650512994,4.567350331681822,4.582338186966117,0.3699478772546372
7821,21.412731006160165,2048-01-12,4.644899564171739,4.637627260788632,4.565606861392699,4.5805704797137174,0.36961953655917057
7828,21.43189596167009,2048-01-19,4.644884571939985,4.637541871064269,4.563862776261833,4.578802157766472,0.36929161249158604
7835,21.451060917180012,2048-01-26,4.644868026363743,4.637456481339907,4.562118075401044,4.57703322113264,0.36896410450412487
7842,21.470225872689937,2048-02-02,4.6448499310457585,4.637371091615544,4.560372759254417,4.5752636698207425,0.36863701204981986
7849,21.489390828199863,2048-02-09,4.644830289575926,4.637285701891182,4.558626827599905,4.573493503838771,0.36831033458249407
7856,21.508555783709788,2048-02-16,4.644809105531348,4.6372003121668195,4.556880280881591,4.571722723194807,0.36798407155675966
7863,21.527720739219713,2048-02-23,4.644786382476382,4.637114922442457,4.555133118433343,4.569951327897549,0.3676582224280172
7870,21.54688569472964,2048-03-01,4.644762123962713,4.637029532718095,4.5533853406992435,4.568179317954725,0.3673327866524537
7877,21.56605065023956,2048-03-08,4.644736333529395,4.636944142993732,4.551636947901333,4.566406693374857,0.3670077636870423
7884,21.585215605749486,2048-03-15,4.644709014702913,4.63685875326937,4.5498879395955205,4.564633454166113,0.3666831529895407
7891,21.60438056125941,2048-03-22,4.644680170997244,4.636773363545007,4.54813831555976,4.562859600336751,0.36635895401848995
7898,21.623545516769337,2048-03-29,4.6446498059139,4.636687973820645,4.546388076460181,4.561085131894941,0.3660351662332137
7905,21.642710472279262,2048-04-05,4.644617922941996,4.636602584096282,4.544637221852689,4.55931004884929,0.36571178909381674
7912,21.661875427789184,2048-04-12,4.644584525558297,4.63651719437192,4.542885751959328,4.557534351207353,0.3653888220611838
7919,21.68104038329911,2048-04-19,4.644549617227276,4.636431804647557,4.5411336663360045,4.555758038977826,0.36506626459697883
7926,21.700205338809035,2048-04-26,4.644513201401165,4.636346414923195,4.539380965870891,4.553981112169144,0.36474411616364366
7933,21.71937029431896,2048-05-03,4.644475281520013,4.6362610251988325,4.5376276496758114,4.552203570789033,0.36442237622439655
7940,21.738535249828885,2048-05-10,4.644435861011739,4.63617563547447,4.535873718194847,4.550425414846194,0.36410104424323164
7947,21.75770020533881,2048-05-17,4.644394943292178,4.636090245750108,4.534119171427998,4.54864664434888,0.3637801196849176
7954,21.776865160848732,2048-05-24,4.6443525317651515,4.636004856025745,4.53236400893117,4.546867259304999,0.36345960201499594
7961,21.796030116358658,2048-05-31,4.644308629822498,4.635919466301383,4.530608231592536,4.545087259723159,0.36313949069978124
7968,21.815195071868583,2048-06-07,4.644263240844143,4.63583407657702,4.528851838523918,4.543306645611529,0.3628197852063585
7975,21.83436002737851,2048-06-14,4.644216368198144,4.635748686852658,4.527094829947358,4.541525416978279,0.36250048500258303
7982,21.853524982888434,2048-06-21,4.644168015240745,4.635663297128295,4.525337206528982,4.539743573831753,0.362181589557079
7989,21.872689938398356,2048-06-28,4.644118185316423,4.635577907403933,4.523578967158568,4.537961116180385,0.3618630983392385
7996,21.89185489390828,2048-07-05,4.64406688175795,4.6354925176795705,4.5218201127242885,4.536178044032167,0.36154501081921997
8003,21.911019849418206,2048-07-12,4.644014107886427,4.635407127955208,4.520060643004096,4.53439435739571,0.36122732646794786
8010,21.930184804928132,2048-07-19,4.643959867011358,4.635321738230846,4.518300557553902,4.532610056279093,0.36091004475711064
8017,21.949349760438057,2048-07-26,4.643904162430683,4.635236348506483,4.516539856817787,4.530825140690575,0.3605931651591603
8024,21.968514715947983,2048-08-02,4.643846997430829,4.635150958782121,4.514778540795751,4.529039610638586,0.3602766871473113
8031,21.987679671457904,2048-08-09,4.643788375286773,4.635065569057758,4.513016609487788,4.527253466131299,0.35996061019553893
8038,22.00684462696783,2048-08-16,4.6437282992620785,4.634980179333396,4.511254062671853,4.525466707177144,0.3596449337785787
8045,22.026009582477755,2048-08-23,4.643666772608953,4.634894789609033,4.509490900569986,4.52367933378438,0.359329657371925
8052,22.04517453798768,2048-08-30,4.643603798568293,4.634809399884671,4.50772712296014,4.521891345961262,0.3590147804518302
8059,22.064339493497606,2048-09-06,4.643539380369736,4.634724010160308,4.505962730064355,4.520102743716049,0.3587003024953032
8066,22.083504449007528,2048-09-13,4.643473521231708,4.634638620435946,4.5041977214385405,4.51831352705735,0.35838622298010886
8073,22.102669404517453,2048-09-20,4.64340622436147,4.6345532307115835,4.5024320979708685,4.516523695993068,0.35807254138476635
8080,22.12183436002738,2048-09-27,4.643337492955176,4.634467840987221,4.500665858773161,4.514733250531638,0.3577592571885484
8087,22.140999315537304,2048-10-04,4.643267330197905,4.634382451262859,4.498899004289501,4.512942190681493,0.3574463698714802
8094,22.16016427104723,2048-10-11,4.6431957392637235,4.634297061538496,4.497131534741929,4.511150516451064,0.3571338789143383
8101,22.17932922655715,2048-10-18,4.643122723315724,4.634211671814134,4.49536344924227,4.509358227848434,0.35682178379864915
8108,22.198494182067076,2048-10-25,4.643048285506078,4.634126282089771,4.4935947484566485,4.507565324881948,0.3565100840066887
8115,22.217659137577,2048-11-01,4.642972428976078,4.634040892365409,4.491825432829149,4.505771807560125,0.3561987790214809
8122,22.236824093086927,2048-11-08,4.6428951568561905,4.633955502641046,4.490055501471595,4.503977675891224,0.3558878683267965
8129,22.255989048596852,2048-11-15,4.642816472266096,4.633870112916684,4.488284954606025,4.502182929883413,0.35557735140715213
8136,22.275154004106778,2048-11-22,4.642736378314742,4.6337847231923215,4.486513792454481,4.5003875695451265,0.35526722774780944
8143,22.2943189596167,2048-11-29,4.642654878100384,4.633699333467959,4.484742015016959,4.498591594884884,0.3549574968347738
8150,22.313483915126625,2048-12-06,4.6425719747106315,4.633613943743597,4.482969621849369,4.496795005910766,0.354648158154793
8157,22.33264887063655,2048-12-13,4.6424876712225,4.633528554019234,4.481196613839881,4.494997802631294,0.35433921119535655
8164,22.351813826146476,2048-12-20,4.642401970702445,4.633443164294872,4.479422989878275,4.493199985054902,0.3540306554446948
8171,22.3709787816564,2048-12-27,4.642314876206419,4.633357774570509,4.477648751296809,4.491401553189494,0.35372249039177706
8178,22.390143737166323,2049-01-03,4.6422263907799115,4.633272384846147,4.475873896763218,4.489602507044031,0.35341471552631126
8185,22.409308692676248,2049-01-10,4.642136517457992,4.633186995121784,4.474098426943629,4.487802846626419,0.3531073303387426
8192,22.428473648186174,2049-01-17,4.642045259265356,4.633101605397422,4.47232234183804,4.4860025719452645,0.35280033432025254
8199,22.4476386036961,2049-01-24,4.641952619216372,4.633016215673059,4.470545641002359,4.484201683008739,0.3524937269627578
8206,22.466803559206024,2049-01-31,4.64185860031512,4.632930825948697,4.468768325324757,4.482400179825363,0.35218750775890917
8213,22.48596851471595,2049-02-07,4.64176320555544,4.6328454362243345,4.466990394139103,4.480598062403479,0.3518816762020905
8220,22.50513347022587,2049-02-14,4.641666437920973,4.632760046499972,4.465211847001303,4.478795330751523,0.35157623178641767
8227,22.524298425735797,2049-02-21,4.641568300385206,4.63267465677561,4.463432685243617,4.47699198487775,0.3512711740067375
8234,22.543463381245722,2049-02-28,4.641468795911517,4.632589267051247,4.4616529077558225,4.475188024790594,0.35096650235862664
8241,22.562628336755647,2049-03-07,4.641367927453211,4.632503877326885,4.459872514759962,4.4733834504984875,0.3506622163383908
8248,22.581793292265573,2049-03-14,4.64126569795357,4.632418487602522,4.458091506700117,4.471578262009511,0.35035831544306306
8255,22.600958247775495,2049-03-21,4.641162110345893,4.63233309787816,4.456309882910155,4.46977245933245,0.3500547991704038
8262,22.62012320328542,2049-03-28,4.641057167553535,4.632247708153797,4.454527644056201,4.467966042475649,0.3497516670188988
8269,22.639288158795345,2049-04-04,4.640950872489955,4.632162318429435,4.45274478969417,4.466159011447102,0.3494489184877582
8276,22.65845311430527,2049-04-11,4.640843228058754,4.6320769287050725,4.450961320046096,4.464351366255768,0.3491465530769164
8283,22.677618069815196,2049-04-18,4.640734237153722,4.63199153898071,4.449177234889936,4.462543106909641,0.34884457028702964
8290,22.69678302532512,2049-04-25,4.640623902658865,4.631906149256348,4.447392534225685,4.460734233417329,0.3485429696194763
8297,22.715947980835043,2049-05-02,4.640512227448465,4.631820759531985,4.445607218719471,4.45892474578709,0.3482417505763547
8304,22.73511293634497,2049-05-09,4.640399214387108,4.631735369807623,4.443821287261073,4.4571146440273575,0.347940912660483
8311,22.754277891854894,2049-05-16,4.640284866329733,4.63164998008326,4.442034740516619,4.455303928146651,0.3476404553753975
8318,22.77344284736482,2049-05-23,4.640169186121662,4.631564590358898,4.440247578486105,4.45349259815349,0.3473403782253521
8325,22.792607802874745,2049-05-30,4.640052176598658,4.631479200634535,4.438459801391571,4.451680654055782,0.3470406807153165
8332,22.811772758384667,2049-06-06,4.639933840586942,4.631393810910173,4.436671408344839,4.449868095862399,0.3467413623509764
8339,22.830937713894592,2049-06-13,4.639814180903254,4.63130842118581,4.434882400234081,4.448054923581686,0.3464424226387313
8346,22.850102669404517,2049-06-20,4.6396932003548805,4.631223031461448,4.433092776615206,4.446241137221986,0.346143861085694
8353,22.869267624914443,2049-06-27,4.639570901739698,4.6311376417370855,4.431302537710256,4.444426736791911,0.34584567719968956
8360,22.888432580424368,2049-07-04,4.639447287846213,4.631052252012723,4.429511683297181,4.442611722299627,0.3455478704892541
8367,22.90759753593429,2049-07-11,4.639322361453601,4.630966862288361,4.427720213820067,4.440796093753744,0.345250440463634
8374,22.926762491444215,2049-07-18,4.639196125331742,4.630881472563998,4.42592812861278,4.438979851162431,0.3449533866327847
8381,22.94592744695414,2049-07-25,4.639068582241265,4.630796082839636,4.424135428119403,4.437162994534736,0.3446567085073698
8388,22.965092402464066,2049-08-01,4.638939734933582,4.630710693115273,4.4223421123399325,4.4353455238783015,0.3443604055987598
8395,22.98425735797399,2049-08-08,4.638809586150929,4.630625303390911,4.420548181274365,4.433527439202174,0.3440644774190315
8402,23.003422313483917,2049-08-15,4.638678138626402,4.630539913666548,4.418753634478612,4.431708740514436,0.34376892348096655
8409,23.02258726899384,2049-08-22,4.638545395084001,4.630454523942186,4.416958472618799,4.429889427823872,0.34347374329805064
8416,23.041752224503764,2049-08-29,4.638411358238655,4.6303691342178235,4.415162695472881,4.428069501138825,0.34317893638447267
8423,23.06091718001369,2049-09-05,4.638276030796276,4.630283744493461,4.413366302596764,4.4262489604674675,0.3428845022551232
8430,23.080082135523615,2049-09-12,4.638139415453785,4.630198354769099,4.411569294434535,4.4244278058184925,0.34259044042559395
8437,23.09924709103354,2049-09-19,4.638001514899153,4.630112965044736,4.409771671208233,4.42260603720051,0.3422967504121767
8444,23.11841204654346,2049-09-26,4.637862331811436,4.630027575320374,4.407973432029681,4.420783654621602,0.34200343173186193
8451,23.137577002053387,2049-10-03,4.637721868860817,4.629942185596011,4.406174577787049,4.418960658090641,0.3417104839023384
8458,23.156741957563312,2049-10-10,4.6375801287086365,4.629856795871649,4.404375108036249,4.417137047615706,0.3414179064419915
8465,23.175906913073238,2049-10-17,4.637437114007433,4.629771406147286,4.402575023221362,4.415312823205671,0.34112569886990285
8472,23.195071868583163,2049-10-24,4.637292827400983,4.629686016422924,4.4007743228982985,4.413487984868617,0.3408338607058486
8479,23.21423682409309,2049-10-31,4.637147271524322,4.629600626698561,4.3989730068450115,4.411662532613327,0.3405423914702994
8486,23.23340177960301,2049-11-07,4.6370004490038,4.629515236974199,4.397171075505586,4.409836466448148,0.3402512906844184
8493,23.252566735112936,2049-11-14,4.636852362457105,4.6294298472498365,4.395368529324104,4.4080097863817755,0.33996055787006085
8500,23.27173169062286,2049-11-21,4.636703014493306,4.629344457525474,4.393565367412389,4.406182492422114,0.3396701925497727
8507,23.290896646132786,2049-11-28,4.636552407712877,4.629259067801112,4.3917615899924805,4.404354584578214,0.33938019424679033
8514,23.310061601642712,2049-12-05,4.636400544707744,4.629173678076749,4.389957197730507,4.402526062858506,0.33909056248503877
8521,23.329226557152634,2049-12-12,4.636247428061317,4.629088288352387,4.388152189516246,4.400696927271247,0.3388012967891309
8528,23.34839151266256,2049-12-19,4.636093060348523,4.629002898628024,4.386346566015826,4.398867177825135,0.3385123966843668
8535,23.367556468172484,2049-12-26,4.63593744413584,4.628917508903662,4.384540327007199,4.397036814528514,0.3382238616967324
8542,23.38672142368241,2050-01-02,4.635780581981338,4.628832119179299,4.382733472934451,4.395205837389993,0.3379356913528986
8549,23.405886379192335,2050-01-09,4.635622476434702,4.628746729454937,4.380926003353488,4.393374246418179,0.3376478851802205
8556,23.42505133470226,2050-01-16,4.6354631300372775,4.6286613397305745,4.379117918486354,4.391542041621331,0.3373604427067359
8563,23.444216290212182,2050-01-23,4.635302545322101,4.628575950006212,4.377309217888954,4.389709223008056,0.33707336346116484
8570,23.463381245722108,2050-01-30,4.635140724813926,4.62849056028185,4.375499902449464,4.387875790586964,0.3367866469729085
8577,23.482546201232033,2050-02-06,4.634977671029272,4.628405170557487,4.3736899712797035,4.386041744366575,0.33650029277204796
8584,23.50171115674196,2050-02-13,4.634813386476449,4.628319780833125,4.3718794248237565,4.384207084355146,0.33621430038934325
8591,23.520876112251884,2050-02-20,4.634647873655586,4.628234391108762,4.37006826308162,4.3823718105616365,0.33592866935623306
8598,23.540041067761805,2050-02-27,4.634481135058676,4.6281490013844,4.368256485831247,4.380535922994128,0.3356433992048325
8605,23.55920602327173,2050-03-06,4.6343131731696,4.628063611660037,4.366444093072635,4.378699421661493,0.3353584894679334
8612,23.578370978781656,2050-03-13,4.634143990464165,4.627978221935675,4.364631085027823,4.37686230657199,0.33507393967900256
8619,23.59753593429158,2050-03-20,4.633973589410132,4.627892832211312,4.362817461696808,4.375024577734401,0.334789749372181
8626,23.616700889801507,2050-03-27,4.633801972467255,4.62780744248695,4.361003222857543,4.373186235157246,0.334505918082283
8633,23.63586584531143,2050-04-03,4.633629142087313,4.6277220527625875,4.359188368510026,4.371347278848785,0.3342224453447951
8640,23.655030800821354,2050-04-10,4.63345510071413,4.627636663038225,4.357372899098338,4.3695077088178,0.3339393306958752
8647,23.67419575633128,2050-04-17,4.633279850783624,4.627551273313863,4.355556814400434,4.367667525072724,0.3336565736723515
8654,23.693360711841205,2050-04-24,4.63310339472383,4.6274658835895,4.353740113972224,4.365826727622342,0.3333741738117217
8661,23.71252566735113,2050-05-01,4.632925734954932,4.627380493865138,4.35192279825779,4.363985316474736,0.3330921306521516
8668,23.731690622861056,2050-05-08,4.632746873889299,4.627295104140775,4.35010486725713,4.36214329163904,0.3328104437324748
8675,23.750855578370977,2050-05-15,4.63256681393151,4.627209714416413,4.348286320748198,4.360300653123423,0.33252911259219126
8682,23.770020533880903,2050-05-22,4.6323855574783925,4.62712432469205,4.3464671591750745,4.35845740093632,0.33224813677146636
8689,23.789185489390828,2050-05-29,4.632203106919048,4.627038934967688,4.344647381871629,4.356613535086776,0.3319675158111303
8696,23.808350444900753,2050-06-05,4.632019464634888,4.6269535452433255,4.342826989281942,4.354769055583051,0.3316872492526767
8703,23.82751540041068,2050-06-12,4.631834632999657,4.626868155518963,4.341005981406013,4.35292396243384,0.33140733663826194
8710,23.8466803559206,2050-06-19,4.631648614379474,4.626782765794601,4.3391843582438385,4.351078255647575,0.33112777751070405
8717,23.865845311430526,2050-06-26,4.631461411132857,4.626697376070238,4.337362119129281,4.34923193523269,0.3308485714134818
8724,23.88501026694045,2050-07-03,4.631273025610752,4.626611986345876,4.335539265394603,4.347385001198144,0.3305697178907339
8731,23.904175222450377,2050-07-10,4.6310834601565665,4.626526596621513,4.333715795707536,4.345537453552282,0.33029121648725784
8738,23.923340177960302,2050-07-17,4.6308927171061995,4.626441206897151,4.331891710956254,4.343689292303714,0.33001306674850905
8745,23.942505133470227,2050-07-24,4.630700798788071,4.626355817172788,4.330067010696665,4.341840517461135,0.32973526822059984
8752,23.96167008898015,2050-07-31,4.630507707523149,4.626270427448426,4.3282416949287645,4.339991129033153,0.32945782045029876
8759,23.980835044490075,2050-08-07,4.630313445624988,4.626185037724063,4.326415764096638,4.338141127028027,0.32918072298502904
8766,24.0,2050-08-14,4.630118015399746,4.626099647999701,4.324589217534152,4.336290511454539,0.3289039753728684
8773,24.019164955509925,2050-08-21,4.629921419146222,4.6260142582753385,4.322762055907432,4.33443928232165,0.32862757716254787
8780,24.03832991101985,2050-08-28,4.62972365915589,4.625928868550976,4.320934278772388,4.332587439637354,0.3283515279034502
8787,24.057494866529773,2050-09-04,4.629524737712914,4.625843478826614,4.3191058863510605,4.330734983410522,0.32807582714560984
8794,24.076659822039698,2050-09-11,4.629324657094189,4.625758089102251,4.317276878643446,4.328881913649852,0.3278004744397117
8801,24.095824777549623,2050-09-18,4.629123419569369,4.625672699377889,4.3154472554274985,4.3270282303638625,0.32752546933709
8808,24.11498973305955,2050-09-25,4.628921027400886,4.625587309653526,4.313617016481169,4.325173933561163,0.3272508113897274
8815,24.134154688569474,2050-10-02,4.628717482843994,4.625501919929164,4.311786162470586,4.323319023250362,0.32697650015025415
8822,24.1533196440794,2050-10-09,4.628512788146781,4.625416530204801,4.30995469295166,4.3214634994400685,0.32670253517194736
8829,24.17248459958932,2050-10-16,4.628306945550211,4.625331140480439,4.308122608146429,4.319607362139067,0.32642891600872975
8836,24.191649555099247,2050-10-23,4.628099957288143,4.6252457507560765,4.306289908276936,4.3177506113556126,0.3261556422151687
8843,24.210814510609172,2050-10-30,4.6278918255873664,4.625160361031714,4.3044565926770435,4.315893247098667,0.32588271334647556
8850,24.229979466119097,2050-11-06,4.627682552667622,4.625074971307352,4.302622661568795,4.31403526937675,0.32561012895850483
8857,24.249144421629023,2050-11-13,4.627472140741638,4.624989581582989,4.300788115174227,4.312176678198383,0.32533788860775265
8864,24.268309377138944,2050-11-20,4.627260592015147,4.624904191858627,4.298952953493339,4.310317473572349,0.3250659918513565
8871,24.28747433264887,2050-11-27,4.627047908686923,4.624818802134264,4.297117176526128,4.308457655507345,0.32479443824709403
8878,24.306639288158795,2050-12-04,4.6268340929488065,4.624733412409902,4.295280783828502,4.306597224011805,0.32452322735338207
8885,24.32580424366872,2050-12-11,4.6266191469857265,4.624648022685539,4.293443776066588,4.304736179094423,0.32425235872927577
8892,24.344969199178646,2050-12-18,4.626403072975735,4.624562632961177,4.291606152796296,4.302874520764073,0.3239818319344679
8899,24.36413415468857,2050-12-25,4.626185873090029,4.624477243236814,4.28976791446171,4.301012249028922,0.32371164652928747
8906,24.383299110198493,2051-01-01,4.625967549492984,4.624391853512452,4.287929060396697,4.299149363898196,0.32344180207469925
8913,24.40246406570842,2051-01-08,4.62574810434217,4.6243064637880895,4.286089591045338,4.297285865379976,0.3231722981323026
8920,24.421629021218344,2051-01-15,4.625527539788388,4.624221074063727,4.284249506407631,4.295421753483397,0.32290313426433076
8927,24.44079397672827,2051-01-22,4.625305857975691,4.624135684339365,4.282408806261531,4.293557028216978,0.3226343100336498
8934,24.459958932238195,2051-01-29,4.6250830610414155,4.624050294615002,4.280567490607031,4.291691689589242,0.32236582500375754
8941,24.479123887748116,2051-02-05,4.624859151116201,4.62396490489064,4.278725559888217,4.289825737608973,0.32209767873878326
8948,24.49828884325804,2051-02-12,4.624634130324022,4.623879515166277,4.276883013438955,4.287959172284778,0.3218298708034859
8955,24.517453798767967,2051-02-19,4.624408000782211,4.623794125441915,4.275039851703326,4.286091993625267,0.321562400763254
8962,24.536618754277892,2051-02-26,4.624180764601484,4.623708735717552,4.273196074903374,4.2842242016393115,0.3212952681841042
8969,24.555783709787818,2051-03-05,4.623952423885972,4.62362334599319,4.271351682372963,4.282355796335431,0.32102847263268075
8976,24.57494866529774,2051-03-12,4.623722980733237,4.6235379562688275,4.269506674334133,4.280486777722324,0.3207620136762543
8983,24.594113620807665,2051-03-19,4.623492437234306,4.623452566544465,4.267661051675056,4.278617145808686,0.3204958908827211
8990,24.61327857631759,2051-03-26,4.623260795473692,4.623367176820103,4.265814812841421,4.276746900603388,0.32023010382060246
8997,24.632443531827516,2051-04-02,4.6230280575294245,4.62328178709574,4.263967958943446,4.274876042114776,0.3199646520590429
9004,24.65160848733744,2051-04-09,4.622794225473064,4.623196397371378,4.262120489537038,4.27300457035181,0.3196995351678106
9011,24.670773442847366,2051-04-16,4.622559301369739,4.623111007647015,4.260272404844238,4.271132485323009,0.31943475271729516
9018,24.689938398357288,2051-04-23,4.622323287278166,4.623025617922653,4.258423704865042,4.269259787037072,0.3191703042785077
9025,24.709103353867214,2051-04-30,4.622086185250671,4.62294022819829,4.256574389377404,4.267386475502869,0.3189061894230795
9032,24.72826830937714,2051-05-07,4.621847997333223,4.622854838473928,4.2547244588254065,4.265512550728922,0.3186424077232613
9039,24.747433264887064,2051-05-14,4.621608725565446,4.622769448749565,4.252873912542917,4.263638012724014,0.31837895875192224
9046,24.76659822039699,2051-05-21,4.621368371980656,4.622684059025203,4.251022750974018,4.26176286149693,0.318115842082549
9053,24.78576317590691,2051-05-28,4.621126938605881,4.6225986693008405,4.249170973896662,4.259887133610597,0.317853057289245
9060,24.804928131416837,2051-06-04,4.620884427461879,4.622513279576478,4.247318581532891,4.258011224736205,0.3175906039467297
9067,24.824093086926762,2051-06-11,4.6206408405631745,4.622427889852116,4.245465573660657,4.256135734362212,0.31732848163033717
9074,24.843258042436688,2051-06-18,4.620396179918069,4.622342500127753,4.243611950502,4.254261264305765,0.3170666899160158
9081,24.862422997946613,2051-06-25,4.620150447528677,4.622257110403391,4.241757712056915,4.252388416372851,0.316805228380327
9088,24.88158795345654,2051-07-02,4.619903645390941,4.622171720679028,4.239902858325403,4.250517792357778,0.3165440966004446
9095,24.90075290896646,2051-07-09,4.619655775494661,4.622086330954666,4.238047388863368,4.248649994043873,0.31628329415415385
9102,24.919917864476385,2051-07-16,4.619406839823515,4.622000941230303,4.236191304336942,4.246785623203044,0.31602282061985043
9109,24.93908281998631,2051-07-23,4.619156840355083,4.621915551505941,4.234334604302031,4.244925281596477,0.3157626755765399
9116,24.958247775496236,2051-07-30,4.618905779060872,4.6218301617815785,4.232477288980678,4.243069570973597,0.31550285860383637
9123,24.97741273100616,2051-08-06,4.618653657906336,4.621744772057216,4.23061935792879,4.241219093073631,0.3152433692819621
9130,24.996577686516083,2051-08-13,4.618400478850903,4.621659382332854,4.2287608120345395,4.239374449624213,0.3149842071917463
9137,25.01574264202601,2051-08-20,4.618146243847996,4.62150733698838,4.226901650409747,4.237536242342525,0.31472537191462435
9144,25.034907597535934,2051-08-27,4.617890955209967,4.621188652593629,4.2250438481328265,4.235705036382471,0.31446686300388943
9151,25.05407255304586,2051-09-03,4.617634618824202,4.620869968198877,4.223192855043553,4.233881037801022,0.31420867973134886
9158,25.073237508555785,2051-09-10,4.617377242591708,4.620551283804127,4.221348986888059,4.232064248839288,0.31395082121040047
9165,25.09240246406571,2051-09-17,4.61711883441265,4.620232599409376,4.219512243888428,4.230254669398974,0.31369328655475187
9172,25.111567419575632,2051-09-24,4.616859402163081,4.6199139150146245,4.217682626044699,4.228452299382222,0.3134360748802556
9179,25.130732375085557,2051-10-01,4.616598953695024,4.619595230619874,4.2158601333569115,4.22665713869153,0.31317918530490435
9186,25.149897330595483,2051-10-08,4.616337496836569,4.619276546225122,4.214044765158973,4.224869187230096,0.31292261694882445
9193,25.169062286105408,2051-10-15,4.6160750393919665,4.6189578618303715,4.212236522561141,4.223088444900942,0.31266636893427063
9200,25.188227241615333,2051-10-22,4.615811589141711,4.618639177435621,4.2104354046752785,4.221314911608057,0.31241044038562016
9207,25.207392197125255,2051-10-29,4.615547153842636,4.618320493040869,4.208641412611644,4.219548587255605,0.3121548304293674
9214,25.22655715263518,2051-11-05,4.615281741228005,4.6180018086461185,4.20685454481597,4.2177894717480156,0.31189953819411803
9221,25.245722108145106,2051-11-12,4.615015359007597,4.617683124251367,4.20507480239851,4.216037564990241,0.31164456281058356
9228,25.26488706365503,2051-11-19,4.614748014867799,4.617364439856616,4.203302185137262,4.214292866887592,0.31138990341157563
9235,25.284052019164957,2051-11-26,4.614479716471695,4.617045755461866,4.201536692810219,4.212555377345549,0.3111355591320008
9242,25.30321697467488,2051-12-03,4.614210471459144,4.616727071067114,4.199778325639463,4.2108250962706455,0.31088152910885475
9249,25.322381930184804,2051-12-10,4.613940287446889,4.616408386672363,4.19802708362503,4.209102023568983,0.3106278124812166
9256,25.34154688569473,2051-12-17,4.613669172028624,4.616089702277613,4.196282966766959,4.207386159147622,0.31037440839024394
9263,25.360711841204655,2051-12-24,4.6133971327750904,4.615771017882861,4.194545974843242,4.205677502913714,0.31012131597916676
9270,25.37987679671458,2051-12-31,4.6131241772341625,4.61545233348811,4.192816107853918,4.203976054774851,0.3098685343932826
9277,25.399041752224505,2052-01-07,4.612850312930933,4.615133649093359,4.191093366021067,4.202281814639324,0.3096160627799507
9284,25.418206707734427,2052-01-14,4.6125755473678,4.614814964698608,4.189377749566769,4.200594782415341,0.3093639002885868
9291,25.437371663244353,2052-01-21,4.612299888024552,4.614496280303857,4.187669257824929,4.198914958011719,0.30911204607065756
9298,25.456536618754278,2052-01-28,4.612023342358452,4.614177595909106,4.185967891461717,4.197242341337807,0.30886049927967546
9305,25.475701574264203,2052-02-04,4.611745917804323,4.613858911514355,4.184273649811035,4.195576932303128,0.3086092590711932
9312,25.49486652977413,2052-02-11,4.6114676217746355,4.6135402271196035,4.182586533094965,4.193918730817556,0.30835832460279855
9319,25.51403148528405,2052-02-18,4.611188461659584,4.613221542724853,4.180906541757632,4.192267736791668,0.3081076950341089
9326,25.533196440793976,2052-02-25,4.610908444827175,4.612902858330102,4.179233675354981,4.190623950136129,0.30785736952676623
9333,25.5523613963039,2052-03-03,4.610627578623317,4.612584173935351,4.17756793455318,4.1889873707619545,0.30760734724443134
9340,25.571526351813826,2052-03-10,4.610345870371887,4.6122654895406,4.175909318464091,4.1873579985810405,0.3073576273527793
9347,25.590691307323752,2052-03-17,4.61006332737483,4.611946805145849,4.174257827309794,4.185735833505017,0.3071082090194934
9354,25.609856262833677,2052-03-24,4.609779956912229,4.611628120751098,4.1726134613123635,4.184120875446219,0.30685909141426065
9361,25.6290212183436,2052-03-31,4.609495766242393,4.611309436356347,4.17097622047184,4.182513124317682,0.30661027370876637
9368,25.648186173853524,2052-04-07,4.609210762601937,4.610990751961595,4.169346104788255,4.180912580032003,0.30636175507668856
9375,25.66735112936345,2052-04-14,4.608924953205864,4.610672067566845,4.167723114039601,4.179319242503098,0.30611353469369357
9382,25.686516084873375,2052-04-21,4.6086383452476385,4.610353383172094,4.166107248447956,4.177733111644707,0.3058656117374304
9389,25.7056810403833,2052-04-28,4.60835094589928,4.610034698777342,4.164498507791311,4.176154187370919,0.3056179853875254
9396,25.724845995893222,2052-05-05,4.608062762311431,4.609716014382592,4.162896892513788,4.174582469596793,0.30537065482557785
9403,25.744010951403148,2052-05-12,4.607773801613441,4.60939732998784,4.161302402171333,4.17301795823712,0.3051236192351544
9410,25.763175906913073,2052-05-19,4.60748407091345,4.609078645593089,4.159715036541938,4.1714606532072205,0.3048768778017839
9417,25.782340862423,2052-05-26,4.607193577298455,4.608759961198339,4.158134796291766,4.169910554423296,0.30463042971295295
9424,25.801505817932924,2052-06-02,4.606902327834404,4.608441276803587,4.156561681198808,4.168367661801368,0.3043842741581002
9431,25.82067077344285,2052-06-09,4.606610329566265,4.6081225924088365,4.154995691041054,4.1668319752578125,0.3041384103286116
9438,25.83983572895277,2052-06-16,4.606317589518103,4.607803908014086,4.1534368262626264,4.165303494710056,0.30389283741781564
9445,25.859000684462696,2052-06-23,4.6060241146931595,4.607485223619334,4.1518850861974235,4.163782220075265,0.3036475546209781
9452,25.87816563997262,2052-06-30,4.605729912073935,4.6071665392245835,4.150340471289571,4.162268151271219,0.303402561135297
9459,25.897330595482547,2052-07-07,4.6054349886222585,4.606847854829832,4.148802981539097,4.160761288216225,0.30315785615989815
9466,25.916495550992472,2052-07-14,4.605139351279363,4.606529170435081,4.147272616946037,4.159261630828591,0.30291343889582967
9473,25.935660506502394,2052-07-21,4.604843006965967,4.606210486040331,4.145749376844293,4.157769179027502,0.3026693085460575
9480,25.95482546201232,2052-07-28,4.60454596258235,4.605891801645579,4.144233262566159,4.156283932732319,0.3024254643154603
9487,25.973990417522245,2052-08-04,4.6042482250084245,4.605573117250828,4.1427242730014475,4.154805891862316,0.30218190541082446
9494,25.99315537303217,2052-08-11,4.60394980110381,4.605254432856077,4.141222408816325,4.153335056338435,0.30193863104083984
9501,26.012320328542096,2052-08-18,4.6036506977079155,4.604935748461326,4.139727669344689,4.151871426080389,0.3016956404160942
9508,26.031485284052017,2052-08-25,4.603350921640004,4.604617064066575,4.1382400550306615,4.15041500100947,0.3014529327490688
9515,26.050650239561943,2052-09-01,4.603050479699275,4.604298379671824,4.136759565874272,4.1489657810467975,0.3012105072541337
9522,26.069815195071868,2052-09-08,4.602749378664931,4.603979695277073,4.1352862016535115,4.147523766114281,0.30096836314754266
9529,26.088980150581794,2052-09-15,4.602447625296256,4.603661010882322,4.133819962812497,4.146088956133827,0.30072649964742854
9536,26.10814510609172,2052-09-22,4.60214522633269,4.603342326487571,4.132360848685128,4.144661351027961,0.30048491597379867
9543,26.127310061601644,2052-09-29,4.601842188493893,4.60302364209282,4.130908859937568,4.14324095071938,0.3002436113485299
9550,26.146475017111566,2052-10-06,4.601538518479829,4.6027049576980685,4.129463996347805,4.141827755131311,0.30000258499536403
9557,26.16563997262149,2052-10-13,4.601234222970828,4.602386273303318,4.12802625747178,4.1404217641876855,0.29976183613990326
9564,26.184804928131417,2052-10-20,4.600929308627667,4.602067588908567,4.12659564353157,4.139022977812166,0.2995213640096051
9571,26.203969883641342,2052-10-27,4.600623782091633,4.601748904513816,4.125172155193335,4.137631395929385,0.2992811678337781
9578,26.223134839151268,2052-11-03,4.600317649984598,4.601430220119065,4.123755791568931,4.136247018464238,0.29904124684357736
9585,26.24229979466119,2052-11-10,4.600010918909096,4.601111535724314,4.122346553324522,4.134869845341269,0.2988016002719989
9592,26.261464750171115,2052-11-17,4.599703595448378,4.600792851329563,4.120944440238089,4.133499876486954,0.29856222735387666
9599,26.28062970568104,2052-11-24,4.599395686166498,4.600474166934812,4.119549451865579,4.132137111826628,0.29832312732587646
9606,26.299794661190965,2052-12-01,4.599087197608377,4.60015548254006,4.118161588429063,4.130781551286854,0.2980842994264922
9613,26.31895961670089,2052-12-08,4.598778136299871,4.59983679814531,4.116780850594705,4.129433194794373,0.29784574289604115
9620,26.338124572210816,2052-12-15,4.598468508747841,4.599518113750559,4.115407237252314,4.128092042276188,0.29760745697665925
9627,26.357289527720738,2052-12-22,4.598158321440224,4.599199429355807,4.114040749512136,4.126758093660007,0.2973694409122969
9634,26.376454483230663,2052-12-29,4.597847580846102,4.598880744961057,4.112681386708072,4.125431348873621,0.2971316939487141
9641,26.39561943874059,2053-01-05,4.5975362934157635,4.598562060566305,4.111329148840149,4.124111807845441,0.2968942153334763
9648,26.414784394250514,2053-01-12,4.597224465580786,4.598243376171554,4.109984035908399,4.122799470503963,0.2966570043159496
9655,26.43394934976044,2053-01-19,4.5969121037540885,4.597924691776804,4.108646048578977,4.121494336778474,0.2964200601472966
9662,26.45311430527036,2053-01-26,4.5965992143300065,4.597606007382052,4.10731518596374,4.120196406598174,0.2961833820804717
9669,26.472279260780287,2053-02-02,4.596285803684362,4.5972873229873015,4.1059914485068045,4.118905679893141,0.2959469693702168
9676,26.491444216290212,2053-02-09,4.59597187817452,4.596968638592551,4.104674835986153,4.1176221565938915,0.29571082127305726
9683,26.510609171800137,2053-02-16,4.595657444139471,4.596649954197799,4.103365348845903,4.1163458366303285,0.29547493704729644
9690,26.529774127310063,2053-02-23,4.595342507899882,4.5963312698030485,4.10206298641995,4.115076719934023,0.29523931595301267
9697,26.548939082819988,2053-03-02,4.595027075758171,4.596012585408297,4.100767749152409,4.11381480643637,0.2950039572520539
9704,26.56810403832991,2053-03-09,4.594711153998574,4.595693901013546,4.099479637265353,4.112560096068854,0.29476886020803383
9711,26.587268993839835,2053-03-16,4.594394748887199,4.5953752166187956,4.098198649870633,4.111312588763924,0.2945340240863275
9718,26.60643394934976,2053-03-23,4.59407786667211,4.595056532224044,4.096924788078496,4.110072284454117,0.29429944815406683
9725,26.625598904859686,2053-03-30,4.593760513583376,4.594737847829293,4.095658051000795,4.108839183072586,0.2940651316801365
9732,26.64476386036961,2053-04-06,4.593442695833142,4.594419163434542,4.094398439747773,4.107613284552219,0.2938310739351696
9739,26.663928815879533,2053-04-13,4.593124419615693,4.594100479039791,4.093145952987197,4.106394588827312,0.29359727419154336
9746,26.68309377138946,2053-04-20,4.592805691107519,4.59378179464504,4.091900590941137,4.105183095831542,0.2933637317233749
9753,26.702258726899384,2053-04-27,4.592486516467377,4.593463110250289,4.090662354497794,4.103978805499909,0.2931304458065171
9760,26.72142368240931,2053-05-04,4.592166901836356,4.593144425855538,4.089431242991064,4.102781717766705,0.29289741571855415
9767,26.740588637919235,2053-05-11,4.59184685333794,4.592825741460787,4.088207256643017,4.101591832567719,0.2926646407387976
9774,26.759753593429156,2053-05-18,4.591526377078067,4.592507057066036,4.08699039500959,4.100409149838737,0.29243212014828224
9781,26.77891854893908,2053-05-25,4.591205479145202,4.592188372671285,4.085780658978986,4.099233669515372,0.29219985322976133
9788,26.798083504449007,2053-06-01,4.59088416561039,4.5918696882765335,4.0845780478851,4.098065391534467,0.2919678392677032
9795,26.817248459958932,2053-06-08,4.590562442527318,4.591551003881783,4.083382561505911,4.096904315832861,0.2917360775482868
9802,26.836413415468858,2053-06-15,4.590240315932387,4.591232319487032,4.082194200729623,4.095750442347661,0.29150456735939734
9809,26.855578370978783,2053-06-22,4.58991779184476,4.590913635092281,4.081012964668084,4.094603771016676,0.2912733079906226
9816,26.874743326488705,2053-06-29,4.589594876266437,4.59059495069753,4.079838853987451,4.093464301777711,0.2910422987332485
9823,26.89390828199863,2053-07-06,4.589271575182302,4.590276266302778,4.078671868243663,4.092332034569455,0.2908115388802554
9830,26.913073237508556,2053-07-13,4.588947894560201,4.589957581908028,4.077512007436743,4.091206969330505,0.29058102772631333
9837,26.93223819301848,2053-07-20,4.588623840350984,4.589638897513277,4.076359271566718,4.090089106000164,0.290350764567779
9844,26.951403148528406,2053-07-27,4.588299418488581,4.589320213118525,4.075213661077697,4.088978444517907,0.29012074870269056
9851,26.97056810403833,2053-08-03,4.587974634890052,4.589001528723775,4.074075175747663,4.087874984824091,0.2898909794307648
9858,26.989733059548254,2053-08-10,4.5876494954556515,4.588682844329024,4.072943815354598,4.086778726858631,0.289661456053392
9865,27.00889801505818,2053-08-17,4.587324006068889,4.588364159934272,4.071819580120565,4.0856896705624095,0.28943217787363273
9872,27.028062970568104,2053-08-24,4.586998172596584,4.588045475539522,4.07070246982355,4.084607815876837,0.28920314419621374
9879,27.04722792607803,2053-08-31,4.586672000888931,4.58772679114477,4.069592484463573,4.083533162743059,0.2889743543275235
9886,27.066392881587955,2053-09-07,4.586345496779549,4.587408106750019,4.068489624484747,4.082465711103276,0.288745807575609
9893,27.085557837097877,2053-09-14,4.586018666085553,4.587089422355269,4.067393889443007,4.081405460899687,0.28851750325017134
9900,27.104722792607802,2053-09-21,4.585691514607601,4.586770737960517,4.066305279338377,4.080352412074932,0.2882894406625618
9907,27.123887748117728,2053-09-28,4.58536404812996,4.5864520535657665,4.065223794614969,4.079306564572352,0.2880616191257781
9914,27.143052703627653,2053-10-05,4.585036272420557,4.586133369171016,4.064149434828716,4.078267918335292,0.2878340379544608
9921,27.16221765913758,2053-10-12,4.5847081932310445,4.585814684776264,4.063082200201686,4.077236473307442,0.2876066964648884
9928,27.1813826146475,2053-10-19,4.584379816296849,4.5854960003815135,4.062022090289815,4.076212229433464,0.2873795939749749
9935,27.200547570157426,2053-10-26,4.584051147337235,4.585177315986762,4.0609691059813,4.0751951866576634,0.2871527298042649
9942,27.21971252566735,2053-11-02,4.583722192055363,4.584858631592011,4.059923246387988,4.074185344925143,0.2869261032739299
9949,27.238877481177276,2053-11-09,4.583392956138334,4.5845399471972605,4.058884511953989,4.073182704181438,0.2866997137067651
9956,27.2580424366872,2053-11-16,4.583063445257263,4.584221262802509,4.057852902457284,4.072187264372351,0.28647356042718497
9963,27.277207392197127,2053-11-23,4.582733665067325,4.583902578407758,4.056828418341978,4.0711990254439465,0.28624764276121956
9970,27.29637234770705,2053-11-30,4.582403621207809,4.583583894013007,4.055811059164008,4.0702179873431685,0.28602196003651104
9977,27.315537303216974,2053-12-07,4.582073319302183,4.583265209618256,4.054800825145441,4.069244150016522,0.28579651158230956
9984,27.3347022587269,2053-12-14,4.581742764958141,4.582946525223505,4.053797715842208,4.068277513411828,0.2855712967294698
9991,27.353867214236825,2053-12-21,4.58141196376766,4.582627840828754,4.052801732142508,4.067318077476557,0.2853463148104471
9998,27.37303216974675,2053-12-28,4.58108092130706,4.582309156434003,4.051812873158185,4.066365842158795,0.2851215651592935
10005,27.392197125256672,2054-01-04,4.580749643137053,4.581990472039252,4.0508311395553935,4.065420807407506,0.28489704711165476
10012,27.411362080766597,2054-01-11,4.5804181348028,4.581671787644501,4.049856530445978,4.064482973171302,0.2846727600047657
10019,27.430527036276523,2054-01-18,4.580086401833964,4.58135310324975,4.048889046940178,4.063552339399498,0.2844487031774473
10026,27.449691991786448,2054-01-25,4.579754449744766,4.5810344188549985,4.047928688593927,4.06262890604185,0.2842248759701027
10033,27.468856947296374,2054-02-01,4.579422284034039,4.580715734460248,4.04697545496316,4.06171267304855,0.2840012777247135
10040,27.488021902806295,2054-02-08,4.579089910185279,4.580397050065497,4.046029346269939,4.060803640370144,0.2837779077848363
10047,27.50718685831622,2054-02-15,4.578757333666701,4.5800783656707456,4.045090363180415,4.0599018079572655,0.28355476549559894
10054,27.526351813826146,2054-02-22,4.578424559931289,4.579759681275995,4.04415850458439,4.059007175761424,0.28333185020369694
10061,27.54551676933607,2054-03-01,4.578091594416858,4.579440996881243,4.043233771814148,4.058119743733781,0.28310916125738983
10068,27.564681724845997,2054-03-08,4.577758442546089,4.579122312486493,4.042316163759487,4.057239511827077,0.2828866980064979
10075,27.583846680355922,2054-03-15,4.577425109726603,4.578803628091742,4.0414056804204295,4.05636647999335,0.28266445980239796
10082,27.603011635865844,2054-03-22,4.577091601350995,4.57848494369699,4.040502322463125,4.055500648185604,0.2824424459980206
10089,27.62217659137577,2054-03-29,4.576757922796899,4.57816625930224,4.039606089665549,4.054642016356935,0.28222065594784584
10096,27.641341546885695,2054-04-05,4.576424079427034,4.577847574907489,4.0387169820277204,4.05379058446087,0.2819990890079002
10103,27.66050650239562,2054-04-12,4.576090076589255,4.577528890512737,4.03783499910557,4.052946352451471,0.28177774453575294
10110,27.679671457905545,2054-04-19,4.575755919616604,4.577210206117987,4.036960141787293,4.052109320283322,0.28155662189051256
10117,27.698836413415467,2054-04-26,4.575421613827368,4.576891521723235,4.0360924089626895,4.0512794879108345,0.28133572043282334
10124,27.718001368925393,2054-05-03,4.575087164525124,4.576572837328484,4.035231801519953,4.050456855289384,0.2811150395248617
10131,27.737166324435318,2054-05-10,4.574752576998788,4.576254152933734,4.0343783192370575,4.049641422374521,0.2808945785303331
10138,27.756331279945243,2054-05-17,4.574417856522671,4.575935468538982,4.033531961891977,4.048833189121978,0.28067433681446824
10145,27.77549623545517,2054-05-24,4.574083008356525,4.5756167841442315,4.03269272948473,4.0480321554884435,0.28045431374401975
10152,27.794661190965094,2054-05-31,4.573748037745599,4.57529809974948,4.03186062223738,4.047238321430439,0.2802345086872588
10159,27.813826146475016,2054-06-07,4.573412949920681,4.574979415354729,4.031035640371986,4.046451686905008,0.28001492101397146
10166,27.83299110198494,2054-06-14,4.573077750098155,4.5746607309599785,4.030217783000391,4.045672251869725,0.27979555009545565
10173,27.852156057494867,2054-06-21,4.572742443480046,4.574342046565227,4.029407051010789,4.0449000162823365,0.27957639530451744
10180,27.871321013004792,2054-06-28,4.572407035254072,4.574023362170476,4.028603444403196,4.044134980101294,0.27935745601546796
10187,27.890485968514717,2054-07-05,4.572071530593689,4.5737046777757255,4.027806962511499,4.043377143285311,0.2791387316041197
10194,27.90965092402464,2054-07-12,4.571735934658148,4.573385993380974,4.027017605779801,4.042626505793104,0.2789202214477835
10201,27.928815879534564,2054-07-19,4.571400252592533,4.573067308986223,4.02623537420812,4.041883067584351,0.27870192492526474
10208,27.94798083504449,2054-07-26,4.57106448952782,4.572748624591472,4.025460267574429,4.041146828619086,0.2784838414168607
10215,27.967145790554415,2054-08-02,4.570728650580919,4.572429940196721,4.024692286100788,4.040417788857163,0.27826597030435657
10222,27.98631074606434,2054-08-09,4.570392740854723,4.57211125580197,4.023931429787215,4.039695948259231,0.2780483109710224
10229,28.005475701574266,2054-08-16,4.570056765438157,4.571792571407219,4.023177698411679,4.0389813067865505,0.27783086280161007
10236,28.024640657084188,2054-08-23,4.569720729406228,4.571473887012468,4.022431092196242,4.0382738644002085,0.27761362518234955
10243,28.043805612594113,2054-08-30,4.569384637820066,4.571155202617717,4.02169161114092,4.037573621062081,0.277396597500946
10250,28.06297056810404,2054-09-06,4.56904849572698,4.570836518222966,4.0209592548016415,4.036880576734396,0.2771797791465762
10257,28.082135523613964,2054-09-13,4.568712308160495,4.570517833828215,4.020234023844553,4.036194731379646,0.2769631695098857
10264,28.10130047912389,2054-09-20,4.568376080140411,4.5701991494334635,4.019515917825582,4.035516084960673,0.27674676798298514
10271,28.12046543463381,2054-09-27,4.568039816672838,4.569880465038713,4.018804936966788,4.03484463744111,0.27653057395944747
10278,28.139630390143736,2054-10-04,4.567703522750252,4.569561780643962,4.018101081046143,4.034180388784328,0.2763145868343043
10285,28.15879534565366,2054-10-11,4.567367203351534,4.5692430962492105,4.017404350063662,4.03352333895475,0.27609880600404324
10292,28.177960301163587,2054-10-18,4.567030863442023,4.56892441185446,4.016714744907534,4.032873487916539,0.275883230866604
10299,28.197125256673512,2054-10-25,4.566694507973556,4.568605727459708,4.016032264023468,4.032230835634994,0.27566786082137584
10306,28.216290212183434,2054-11-01,4.566358141884518,4.568287043064958,4.015356908521698,4.031595382074893,0.2754526952691943
10313,28.23545516769336,2054-11-08,4.566021770099884,4.567968358670207,4.014688678402237,4.030967127202327,0.27523773361233783
10320,28.254620123203285,2054-11-15,4.565685397531274,4.567649674275455,4.014027572998969,4.0303460709830405,0.2750229752545246
10327,28.27378507871321,2054-11-22,4.5653490290769785,4.567330989880705,4.013373592533951,4.029732213383739,0.27480841960090996
10334,28.292950034223136,2054-11-29,4.565012669622027,4.567012305485954,4.012726737451286,4.029125554371044,0.27459406605808256
10341,28.31211498973306,2054-12-06,4.564676324038216,4.566693621091202,4.012087007306899,4.0285260939122765,0.27437991403406164
10348,28.331279945242983,2054-12-13,4.564339997184164,4.566374936696452,4.011454402100805,4.027933831975113,0.27416596293829404
10355,28.35044490075291,2054-12-20,4.564003693905347,4.5660562523017,4.010828922499147,4.0273487685274025,0.27395221218165083
10362,28.369609856262834,2054-12-27,4.563667419034152,4.565737567906949,4.010210567391721,4.026770903537433,0.2737386611764244
10369,28.38877481177276,2055-01-03,4.563331177389913,4.565418883512199,4.009599337888758,4.026200236974374,0.2735253093363257
10376,28.407939767282684,2055-01-10,4.562994973778961,4.565100199117447,4.008995232880054,4.02563676880704,0.2733121560764804
10383,28.427104722792606,2055-01-17,4.562658812994666,4.564781514722696,4.0083982532537945,4.025080499005214,0.2730992008134267
10390,28.44626967830253,2055-01-24,4.562322699817481,4.564462830327945,4.007808398787951,4.024531427538503,0.27288644296511166
10397,28.465434633812457,2055-01-31,4.561986639014982,4.564144145933194,4.007225669038446,4.023989554377656,0.27267388195088893
10404,28.484599589322382,2055-02-07,4.561650635341915,4.5638254615384435,4.006650064893469,4.02345487949307,0.27246151719151485
10411,28.503764544832308,2055-02-14,4.561314693540241,4.563506777143692,4.006081585686901,4.022927402856107,0.2722493481091462
10418,28.522929500342233,2055-02-21,4.560978818339174,4.563188092748941,4.005520231196709,4.022407124438045,0.2720373741273367
10425,28.542094455852155,2055-02-28,4.560643014455224,4.5628694083541905,4.004966001866992,4.021894044211036,0.2718255946710346
10432,28.56125941136208,2055-03-07,4.560307286592247,4.562550723959439,4.004418897697765,4.021388162146973,0.2716140091665791
10439,28.580424366872005,2055-03-14,4.559971639441477,4.562232039564688,4.003878918911081,4.020889478218799,0.2714026170416978
10446,28.59958932238193,2055-03-21,4.559636077681576,4.561913355169937,4.003346064840821,4.020397992399547,0.2711914177255038
10453,28.618754277891856,2055-03-28,4.559300605978673,4.561594670775186,4.002820335931084,4.019913704662602,0.2709804106484926
10460,28.637919233401778,2055-04-04,4.558965228986406,4.561275986380435,4.002301732403924,4.019436614981785,0.2707695952425391
10467,28.657084188911703,2055-04-11,4.558629951345965,4.560957301985684,4.001790253371178,4.018966723331449,0.27055897094089504
10474,28.67624914442163,2055-04-18,4.558294777686134,4.560638617590933,4.001285899721032,4.018504029686029,0.2703485371781857
10481,28.695414099931554,2055-04-25,4.557959712623324,4.5603199331961815,4.000788671453497,4.018048534020667,0.2701382933904075
10488,28.71457905544148,2055-05-02,4.557624760761634,4.560001248801431,4.0002985676804075,4.017600236310592,0.2699282390149247
10495,28.733744010951405,2055-05-09,4.557289926692866,4.55968256440668,3.999815589511994,4.017159136531736,0.26971837349046673
10502,28.752908966461327,2055-05-16,4.55695521499659,4.5593638800119285,3.99933973606009,4.016725234660204,0.26950869625712526
10509,28.772073921971252,2055-05-23,4.55662063024017,4.559045195617178,3.9988710075467524,4.016298530672456,0.26929920675635155
10516,28.791238877481177,2055-05-30,4.556286176978808,4.558726511222427,3.9984094044160754,4.015879024545565,0.26908990443095343
10523,28.810403832991103,2055-06-06,4.555951859755587,4.5584078268276755,3.9979549266680716,4.015466716256867,0.26888078872509263
10530,28.829568788501028,2055-06-13,4.555617683101508,4.558089142432925,3.9975075734145737,4.015061605784051,0.26867185908428176
10537,28.84873374401095,2055-06-20,4.555283651535535,4.557770458038173,3.997067345321723,4.014663693105069,0.2684631149553817
10544,28.867898699520875,2055-06-27,4.554949769564627,4.557451773643423,3.996634242833618,4.0142729781988375,0.26825455578659896
10551,28.8870636550308,2055-07-04,4.554616041683787,4.557133089248672,3.996208264840047,4.013889461043837,0.26804618102748246
10558,28.906228610540726,2055-07-11,4.554282472376097,4.55681440485392,3.9957894120071518,4.013513141619511,0.26783799012892107
10565,28.92539356605065,2055-07-18,4.553949066112753,4.55649572045917,3.9953776843349402,4.013144019905482,0.2676299825431409
10572,28.944558521560573,2055-07-25,4.553615827353114,4.556177036064418,3.9949730818234226,4.01278209588172,0.26742215772370254
10579,28.9637234770705,2055-08-01,4.5532827605447315,4.555858351669667,3.9945756042505622,4.012427369528989,0.2672145151254981
10586,28.982888432580424,2055-08-08,4.552949870123398,4.555539667274917,3.994185251838412,4.012079840827788,0.2670070542047487
10593,29.00205338809035,2055-08-15,4.552617160513179,4.555220982880165,3.9938020243649377,4.011739509759319,0.2667997744190016
10600,29.021218343600275,2055-08-22,4.552284636126455,4.554902298485414,3.993425922052189,4.0114063763055725,0.26659267522712793
10607,29.0403832991102,2055-08-29,4.551952301363954,4.554583614090664,3.993056944900176,4.0110804404481035,0.26638575608931925
10614,29.059548254620122,2055-09-05,4.551620160614801,4.554264929695912,3.9926950929089045,4.010761702169695,0.26617901646708564
10621,29.078713210130047,2055-09-12,4.551288218256547,4.553946245301161,3.9923403658563403,4.010450161452868,0.26597245582325246
10628,29.097878165639973,2055-09-19,4.550956478655209,4.55362756090641,3.991992763964535,4.010145818280928,0.265766073621958
10635,29.117043121149898,2055-09-26,4.550624946165314,4.553308876511659,3.9916522870114504,4.009848672637189,0.2655598693286506
10642,29.136208076659823,2055-10-03,4.550293625129925,4.5529901921169085,3.991318934997094,4.0095587245059265,0.2653538424100864
10649,29.155373032169745,2055-10-10,4.549962519880691,4.552671507722157,3.990992708143519,4.009275973871153,0.26514799233432623
10656,29.17453798767967,2055-10-17,4.549631634737876,4.552352823327406,3.990673606672774,4.009000420717934,0.2649423185707333
10663,29.193702943189596,2055-10-24,4.549300974010401,4.552034138932655,3.9903616299187346,4.008732065031075,0.26473682058997056
10670,29.21286789869952,2055-10-31,4.548970541995879,4.551715454537904,3.990056778769583,4.00847090679617,0.26453149786399777
10677,29.232032854209447,2055-11-07,4.548640342980653,4.551396770143153,3.989759052337152,4.008216945999163,0.2643263498660695
10684,29.251197809719372,2055-11-14,4.548310381239831,4.551078085748402,3.9894684508434892,4.007970182626438,0.2641213760707321
10691,29.270362765229294,2055-11-21,4.547980661037327,4.550759401353651,3.9891849745106462,4.0077306166642925,0.2639165759538211
10698,29.28952772073922,2055-11-28,4.5476511866258935,4.5504407169589,3.9889086235606728,4.007498248100166,0.2637119489924591
10705,29.308692676249144,2055-12-05,4.5473219622471595,4.550122032564149,3.988639397549486,4.007273076921496,0.2635074946650525
10712,29.32785763175907,2055-12-12,4.546992992131669,4.549803348169398,3.9883772960330055,4.00705510311581,0.2633032124512898
10719,29.347022587268995,2055-12-19,4.54666428049891,4.549484663774646,3.988122320343499,4.006844326671424,0.26309910183213825
10726,29.366187542778917,2055-12-26,4.546335831557361,4.549165979379896,3.9878744695927977,4.006640747577182,0.262895162289842
10733,29.385352498288842,2056-01-02,4.546007649504519,4.548847294985145,3.987633743780905,4.006444365821841,0.2626913933079191
10740,29.404517453798768,2056-01-09,4.545679738526936,4.5485286105903935,3.9874001429078274,4.00625518139486,0.26248779437115927
10747,29.423682409308693,2056-01-16,4.545352102800263,4.548209926195643,3.9871736671956133,4.006073194285961,0.2622843649656212
10754,29.44284736481862,2056-01-23,4.545024746489268,4.547891241800892,3.9869543168663117,4.005898404485482,0.26208110457863043
10761,29.462012320328544,2056-01-30,4.544697673747894,4.5475725574061405,3.9867420912537956,4.005730811983935,0.26187801269877636
10768,29.481177275838466,2056-02-06,4.544370888719275,4.54725387301139,3.986536991024201,4.005570416772184,0.2616750888159102
10775,29.50034223134839,2056-02-13,4.544044395535782,4.546935188616638,3.986339015289357,4.005417218841536,0.2614723324211421
10782,29.519507186858316,2056-02-20,4.543718198319053,4.546616504221888,3.9861481651594866,4.005271218183906,0.26126974300683936
10789,29.53867214236824,2056-02-27,4.54339230118003,4.546297819827137,3.985964439968463,4.005132414791039,0.2610673200666232
10796,29.557837097878167,2056-03-05,4.543066708218993,4.545979135432385,3.9857878397162905,4.005000808655731,0.26086506309536683
10803,29.57700205338809,2056-03-12,4.542741423525594,4.545660451037635,3.9856183648470593,4.0048763997708665,0.26066297158919305
10810,29.596167008898014,2056-03-19,4.542416451178892,4.545341766642883,3.985456014916686,4.004759188129507,0.2604610450454715
10817,29.61533196440794,2056-03-26,4.54209179524739,4.545023082248132,3.985300789925174,4.004649173725678,0.26025928296281653
10824,29.634496919917865,2056-04-02,4.541767459789061,4.544704397853382,3.9851526900945706,4.004546356553056,0.2600576848410846
10831,29.65366187542779,2056-04-09,4.541443448851393,4.54438571345863,3.985011715202836,4.00445073660637,0.2598562501813722
10838,29.672826830937716,2056-04-16,4.5411197664714145,4.544067029063879,3.9848778656940587,4.00436231388035,0.25965497848601315
10845,29.691991786447637,2056-04-23,4.5407964166757315,4.543748344669129,3.9847511411241556,4.004281088370076,0.25945386925857633
10852,29.711156741957563,2056-04-30,4.5404734034805605,4.543429660274377,3.9846315417151716,4.004207060071333,0.25925292200386346
10859,29.730321697467488,2056-05-07,4.540150730891761,4.543110975879626,3.984519067245068,4.004140228979989,0.25905213622790657
10866,29.749486652977414,2056-05-14,4.539828402904875,4.542792291484875,3.9844137177138452,4.004080595092711,0.25885151143796575
10873,29.76865160848734,2056-05-21,4.539506423505148,4.542473607090124,3.984315493787637,4.004028158405982,0.25865104714252685
10880,29.78781656399726,2056-05-28,4.539184796667574,4.5421549226953735,3.9842243945782716,4.00398288529044,0.258450742851299
10887,29.806981519507186,2056-06-04,4.5388635263569235,4.541836238300622,3.984140420307794,4.00394441176805,0.25825059807521233
10894,29.82614647501711,2056-06-11,4.538542616527774,4.541517553905871,3.9840635711982495,4.003912186359159,0.25805061232641596
10901,29.845311430527037,2056-06-18,4.53822207112455,4.54119886951112,3.9839938472496392,4.003885655432341,0.2578507851182753
10908,29.864476386036962,2056-06-25,4.537901894081546,4.540880185116369,3.9839312484619667,4.003864265356257,0.2576511159653699
10915,29.883641341546884,2056-07-02,4.537582089322969,4.540561500721618,3.9838757746131868,4.003847462500447,0.25745160438349124
10922,29.90280629705681,2056-07-09,4.53726266076296,4.540242816326867,3.983827425481259,4.003834693234363,0.25725224988964046
10929,29.921971252566735,2056-07-16,4.536943612305637,4.539924131932116,3.9837862019543593,4.0038254039278085,0.25705305200202594
10936,29.94113620807666,2056-07-23,4.536624947845118,4.539605447537365,3.983752103588399,4.003819040950762,0.25685401024006127
10943,29.960301163586585,2056-07-30,4.536306671265561,4.539286763142614,3.983725130161338,4.00381505067294,0.25665512412436275
10950,29.97946611909651,2056-08-06,4.535988786441189,4.538968078747863,3.9837052814511305,4.003812879464759,0.2564563931767474
